edge#,edge_members_n,#Gene|GeneId,name,direction(for_geneset_enrichment),harmonic_mean_rank,#runs(200),#runs(200)_by_cluster,avg(feature_importance_MDI),runs_rank,runs_by_cluster_rank,MDI_rank,posteriorLFC,Cliff_delta,,,,,,,,,,,,
1940,2,RAE1|8480,ribonucleic acid export 1,UP,1,200,200,0.008114825,1,1,1,0.327518671,0.372802774,,,,,,,,,,,,
FBXO17|115290,1,FBXO17|115290,F-box protein 17,UP,1.2,200,200,0.004619575,1,1,2,0.76667054,0.297667043,,,,,,,,,,,,
YTHDF1|54915,1,YTHDF1|54915,YTH N6-methyladenosine RNA binding protein 1,UP,1.285714286,200,200,0.004458968,1,1,3,0.222875043,0.289415686,,,,,,,,,,,,
DDX27|55661,1,DDX27|55661,DEAD-box helicase 27,UP,1.333333333,199,199,0.004432996,1,1,4,0.286856218,0.276460786,,,,,,,,,,,,
8078,4,SEC61G|23480,SEC61 translocon gamma subunit,UP,1.363636364,200,200,0.004375705,1,1,5,1.581561614,0.313914422,,,,,,,,,,,,
CHMP7|91782,1,CHMP7|91782,charged multivesicular body protein 7,DOWN,1.384615385,199,199,0.004310195,1,1,6,-0.279772414,-0.316857496,,,,,,,,,,,,
14945,21,XPO7|23039,exportin 7,DOWN,1.411764706,197,200,0.003881612,1,1,8,-0.210974534,-0.247473526,,,,,,,,,,,,
2428,2,INTS9|55756,integrator complex subunit 9,DOWN,1.421052632,200,200,0.003785529,1,1,9,-0.181845173,-0.279350105,,,,,,,,,,,,
GJC1|10052,1,GJC1|10052,gap junction protein gamma 1,UP,1.434782609,200,200,0.003570274,1,1,11,0.456036994,0.296242542,,,,,,,,,,,,
2000,3,METTL1|4234,methyltransferase like 1,UP,1.444444444,197,200,0.003336097,1,1,13,1.310720307,0.289644143,,,,,,,,,,,,
TACR1|6869,1,TACR1|6869,tachykinin receptor 1,DOWN,1.448275862,198,198,0.003322418,1,1,14,-0.219163509,-0.305656346,,,,,,,,,,,,
22,2,FAM72B|653820,family with sequence similarity 72 member B,UP,1.457142857,200,200,0.003182363,1,1,17,0.586844454,0.322595818,,,,,,,,,,,,
NUP107|57122,1,NUP107|57122,nucleoporin 107,UP,1.463414634,196,196,0.003123957,1,1,20,0.957539178,0.272711391,,,,,,,,,,,,
2428,2,KIAA1967|57805,cell cycle and apoptosis regulator 2,DOWN,1.474576271,195,200,0.002975014,1,1,29,-0.206470103,-0.261234747,,,,,,,,,,,,
C6orf145|221749,1,C6orf145|221749,PX domain containing 1,UP,1.476190476,197,197,0.00294123,1,1,31,0.367809248,0.24126485,,,,,,,,,,,,
EGFR|1956,1,EGFR|1956,epidermal growth factor receptor,UP,1.486725664,195,195,0.002544793,1,1,56,1.343869553,0.125933989,,,,,,,,,,,,
1646,2,C20orf20|55257,MRG domain binding protein,UP,2.496503497,192,196,0.003937657,17,1,7,0.348355423,0.322515186,,,,,,,,,,,,
1509,21,TPX2|22974,TPX2 microtubule nucleation factor,UP,2.675409836,194,200,0.003194083,17,1,16,0.412766628,0.310581627,,,,,,,,,,,,
1509,21,KIF2C|11004,kinesin family member 2C,UP,2.758887172,190,200,0.002889621,17,1,35,0.334999839,0.279780143,,,,,,,,,,,,
6709,6,HOXA4|3201,homeobox A4,UP,2.771021992,186,195,0.002759758,17,1,42,0.92444543,0.282656023,,,,,,,,,,,,
2000,3,CDK4|1019,cyclin dependent kinase 4,UP,2.798555957,188,200,0.002304539,17,1,76,1.599130447,0.247849809,,,,,,,,,,,,
14945,21,PCM1|5108,methyl-CpG binding domain protein 1,DOWN,2.801853998,180,200,0.003023877,31,1,26,-0.242440596,-0.281419663,,,,,,,,,,,,
1509,21,AURKA|6790,aurora kinase A,UP,2.858505564,184,200,0.002537838,31,1,58,0.445204029,0.308411278,,,,,,,,,,,,
6709,6,HOXA2|3199,homeobox A2,UP,2.890871654,162,195,0.002550729,52,1,54,1.439685665,0.237622964,,,,,,,,,,,,
14945,21,C8orf41|80185,TELO2 interacting protein 2,DOWN,2.895749302,146,200,0.002557022,61,1,51,-0.075036812,-0.199665377,,,,,,,,,,,,
2000,3,TSFM|10102,Ts translation elongation factor%2C mitochondrial,UP,2.904881731,164,200,0.002308447,52,1,74,0.910751042,0.204953502,,,,,,,,,,,,
22,2,FAM72D|728833,family with sequence similarity 72 member D,UP,2.909009211,158,200,0.002194443,52,1,83,0.593982176,0.301873354,,,,,,,,,,,,
6709,6,HOXA5|3202,homeobox A5,UP,2.910365433,138,195,0.002447809,67,1,63,0.640435726,0.18339112,,,,,,,,,,,,
1646,2,PSMA7|5688,proteasome 20S subunit alpha 7,UP,2.914853947,144,196,0.002343146,67,1,70,0.280287209,0.293944525,,,,,,,,,,,,
14945,21,MCPH1|79648,microcephalin 1,DOWN,2.929990276,112,200,0.002214552,89,1,79,-0.154064094,-0.216114336,,,,,,,,,,,,
14945,21,CCDC25|55246,coiled-coil domain containing 25,DOWN,2.951216234,84,200,0.002001521,120,1,122,-0.192277225,-0.209368113,,,,,,,,,,,,
14945,21,INTS10|55174,integrator complex subunit 10,DOWN,2.959507851,69,200,0.00185181,136,1,158,-0.153097551,-0.202467344,,,,,,,,,,,,
6709,6,HOXA7|3204,homeobox A7,UP,2.962483727,51,195,0.001893982,168,1,149,0.819709297,0.21977638,,,,,,,,,,,,
1509,21,SPAG5|10615,sperm associated antigen 5,UP,2.963121325,46,200,0.001874016,168,1,154,0.477510616,0.297519217,,,,,,,,,,,,
14945,21,CNOT7|29883,CCR4-NOT transcription complex subunit 7,DOWN,2.969210316,43,200,0.001751341,188,1,198,-0.082953833,-0.164153631,,,,,,,,,,,,
1509,21,BUB1|699,BUB1 mitotic checkpoint serine/threonine kinase,UP,2.970058679,35,200,0.001725137,188,1,210,0.414000676,0.299078106,,,,,,,,,,,,
6709,6,HOXA3|3200,homeobox A3,UP,2.970755774,39,195,0.001690996,188,1,221,0.508602878,0.20754045,,,,,,,,,,,,
14945,21,TRIM35|23087,tripartite motif containing 35,DOWN,2.972840891,22,200,0.001783613,266,1,186,-0.266707791,-0.159181315,,,,,,,,,,,,
14945,21,PPP2R2A|5520,protein phosphatase 2 regulatory subunit Balpha,DOWN,2.975588737,24,200,0.001687491,266,1,225,-0.218660144,-0.120692899,,,,,,,,,,,,
14945,21,WRN|7486,WRN RecQ like helicase,,2.976058824,10,200,0.001774419,356,1,191,-0.105875495,-0.102550664,,,,,,,,,,,,
6709,6,HOXA6|3203,homeobox A6,UP,2.976200259,21,195,0.001667181,266,1,236,0.497753075,0.176429877,,,,,,,,,,,,
14945,21,VPS37A|137492,VPS37A subunit of ESCRT-I,DOWN,2.976798894,29,200,0.001571417,222,1,304,-0.159141944,-0.203246788,,,,,,,,,,,,
1509,21,TRIP13|9319,thyroid hormone receptor interactor 13,UP,2.977311687,15,200,0.001630426,266,1,259,0.487635795,0.27518411,,,,,,,,,,,,
14945,21,ZNF395|55893,zinc finger protein 395,DOWN,2.977390655,11,200,0.001725609,356,1,209,-0.179400706,-0.128245444,,,,,,,,,,,,
14945,21,FUT10|84750,fucosyltransferase 10,DOWN,2.978871662,19,200,0.001577563,266,1,300,-0.180016232,-0.20672741,,,,,,,,,,,,
1509,21,KIF4A|24137,kinesin family member 4A,UP,2.978969286,15,200,0.001571451,266,1,303,0.327602509,0.258305112,,,,,,,,,,,,
14945,21,FDFT1|2222,farnesyl-diphosphate farnesyltransferase 1,DOWN,2.979741003,21,200,0.001515752,266,1,329,0.005351584,-0.14751653,,,,,,,,,,,,
1509,21,NCAPH|23397,non-SMC condensin I complex subunit H,UP,2.981910782,9,200,0.001570022,356,1,307,0.440192662,0.286566683,,,,,,,,,,,,
1509,21,GSG2|83903,histone H3 associated protein kinase,UP,2.98274429,13,200,0.001502314,356,1,336,0.233174812,0.212210396,,,,,,,,,,,,
1509,21,CDCA5|113130,cell division cycle associated 5,UP,2.983286778,10,200,0.001460284,356,1,358,0.328929443,0.252620545,,,,,,,,,,,,
14945,21,MAK16|84549,MAK16 homolog,,2.984446576,0,200,0.001461687,419,1,354,-0.018842779,-0.069478041,,,,,,,,,,,,
14945,21,ERI1|90459,exoribonuclease 1,,2.985429907,0,200,0.001364335,419,1,401,-0.022908671,-0.098828146,,,,,,,,,,,,
1509,21,RAD54L|8438,ATRX chromatin remodeler,UP,2.985848345,3,200,0.001267775,419,1,425,0.315916242,0.224056604,,,,,,,,,,,,
14945,21,FBXO25|26260,F-box protein 25,DOWN,2.98594569,2,200,0.0012388,419,1,431,-0.17281922,-0.181597054,,,,,,,,,,,,
14945,21,PINX1|54984,PIN2 (TERF1) interacting telomerase inhibitor 1,,2.986055896,0,200,0.00119149,419,1,438,0.039265881,-0.053808526,,,,,,,,,,,,
1509,21,RAD51|5888,RAD51 recombinase,UP,2.986162642,1,200,0.001174032,419,1,445,0.335235265,0.254716981,,,,,,,,,,,,
1509,21,MCM10|55388,minichromosome maintenance 10 replication initiation factor,UP,2.986338045,0,200,0.001131889,419,1,457,0.37278886,0.253373112,,,,,,,,,,,,
1509,21,PLK1|5347,polo like kinase 1,UP,2.986352248,2,200,0.001124549,419,1,458,0.385760969,0.258856098,,,,,,,,,,,,
1509,21,CDCA8|55143,cell division cycle associated 8,UP,2.986380469,0,200,0.001099038,419,1,460,0.276594396,0.230231683,,,,,,,,,,,,
1509,21,ORC1L|4998,origin recognition complex subunit 1,UP,2.986449961,0,200,0.001089446,419,1,465,0.126612675,0.177417621,,,,,,,,,,,,
1940,2,CSTF1|1477,cleavage stimulation factor subunit 1,UP,2.986463681,0,200,0.001088038,419,1,466,0.144571438,0.164247702,,,,,,,,,,,,
1509,21,CDC20|991,cell division cycle 20,UP,2.986544783,0,200,0.001055269,419,1,472,0.3378789,0.199268935,,,,,,,,,,,,
14945,21,POLR3D|661,RNA polymerase III subunit D,,2.986571361,0,200,0.001043282,419,1,474,-0.077500284,-0.10145541,,,,,,,,,,,,
1509,21,FOXM1|2305,forkhead box M1,UP,2.986584567,0,200,0.00104184,419,1,475,0.346305939,0.231508359,,,,,,,,,,,,
8078,4,MRPS17|51373,mitochondrial ribosomal protein S17,UP,2.986662649,0,200,0.000984413,419,1,481,0.502802049,0.204039671,,,,,,,,,,,,
14945,21,UBXN8|7993,UBX domain protein 8,,2.986776194,0,200,0.000949537,419,1,490,-0.061491293,-0.067395044,,,,,,,,,,,,
14945,21,ERICH1|157697,glutamate rich 1,,2.987014197,0,200,0.000874597,419,1,510,-0.122261373,-0.094957803,,,,,,,,,,,,
1509,21,KPNA2|3838,karyopherin subunit alpha 2,UP,2.987148262,0,200,0.000845295,419,1,522,0.267007374,0.208138472,,,,,,,,,,,,
8078,4,CHCHD2|51142,coiled-coil-helix-coiled-coil-helix domain containing 2,UP,2.987159156,0,200,0.000842926,419,1,523,0.527289054,0.133620921,,,,,,,,,,,,
1509,21,CDC6|990,cell division cycle 6,UP,2.987223662,0,200,0.000830687,419,1,529,0.428572455,0.210087083,,,,,,,,,,,,
8078,4,CCT6A|908,chaperonin containing TCP1 subunit 6A,UP,2.987388747,0,200,0.000798421,419,1,545,0.578013359,0.193006504,,,,,,,,,,,,
1509,21,CDC45|8318,cell division cycle 45,UP,2.987448186,0,200,0.000783063,419,1,551,0.38853452,0.235634038,,,,,,,,,,,,
PARP8|79668,1,PARP8|79668,poly(ADP-ribose) polymerase family member 8,DOWN,17.38907053,192,192,0.003711365,17,73,10,-0.408026905,-0.292009353,,,,,,,,,,,,
FAM64A|54478,1,FAM64A|54478,PICALM interacting mitotic regulator,UP,23.42327857,190,190,0.00315044,17,73,18,0.692724132,0.331492232,,,,,,,,,,,,
DOCK5|80005,1,DOCK5|80005,dedicator of cytokinesis 5,DOWN,23.97051847,188,188,0.003130028,17,73,19,-0.545947859,-0.23859055,,,,,,,,,,,,
ADAM28|10863,1,ADAM28|10863,ADAM metallopeptidase domain 28,DOWN,25.42874884,193,193,0.003066644,17,73,22,-1.107357246,-0.307934204,,,,,,,,,,,,
DTHD1|401124,1,DTHD1|401124,death domain containing 1,DOWN,26.25894676,168,168,0.003413627,46,109,12,-1.387549351,-0.290349675,,,,,,,,,,,,
107,2,NCAPG|64151,non-SMC condensin I complex subunit G,UP,27.06860707,183,183,0.003196491,31,84,15,0.376673236,0.271212976,,,,,,,,,,,,
GPR18|2841,1,GPR18|2841,G protein-coupled receptor 18,DOWN,27.71709652,192,192,0.003003973,17,73,28,-0.777531347,-0.24608934,,,,,,,,,,,,
TTC9|23508,1,TTC9|23508,tetratricopeptide repeat domain 9,DOWN,29.43083004,187,187,0.002912086,17,73,34,-0.48894782,-0.242850615,,,,,,,,,,,,
5111,2,MDM2|4193,MDM2 proto-oncogene,UP,30.76223921,194,194,0.002806591,17,73,40,1.553692306,0.003467183,,,,,,,,,,,,
KCNRG|283518,1,KCNRG|283518,potassium channel regulator,DOWN,31.32244179,187,187,0.002720031,17,73,43,-0.524227538,-0.163911735,,,,,,,,,,,,
4750,2,TSPAN31|6302,tetraspanin 31,UP,32.13522748,190,190,0.002647959,17,73,48,1.318509004,0.077353115,,,,,,,,,,,,
KIF15|56992,1,KIF15|56992,kinesin family member 15,UP,32.68619247,175,175,0.003117281,31,84,21,0.519151627,0.300516046,,,,,,,,,,,,
2651,3,HOXA11|3207,homeobox A11,UP,34.2305201,184,184,0.003050877,31,84,23,0.144074159,0.124469172,,,,,,,,,,,,
KIF13B|23303,1,KIF13B|23303,kinesin family member 13B,DOWN,34.95302013,178,178,0.003045512,31,84,24,-0.433858235,-0.294388002,,,,,,,,,,,,
9351,3,UCKL1|54963,uridine-cytidine kinase 1 like 1,UP,35.64519073,180,180,0.003044858,31,84,25,0.333068183,0.279161963,,,,,,,,,,,,
SYK|6850,1,SYK|6850,spleen associated tyrosine kinase,DOWN,36.94587493,177,177,0.003009809,31,84,27,-0.364505915,-0.237622964,,,,,,,,,,,,
1596,2,CCT2|10576,chaperonin containing TCP1 subunit 2,UP,40.28691983,184,185,0.002912391,31,84,33,0.915706321,0.263445412,,,,,,,,,,,,
CDC42SE2|56990,1,CDC42SE2|56990,CDC42 small effector 2,DOWN,42.14083686,175,175,0.002836003,31,84,37,-0.340867809,-0.305763855,,,,,,,,,,,,
PFDN4|5203,1,PFDN4|5203,prefoldin subunit 4,UP,42.56610267,185,185,0.002811321,31,84,38,0.39818975,0.266744611,,,,,,,,,,,,
HOXA1|3198,1,HOXA1|3198,homeobox A1,UP,45.19089857,181,181,0.002693399,31,84,45,0.46661665,0.267053701,,,,,,,,,,,,
11397,2,PCDH7|5099,protocadherin 7,DOWN,46.69495033,170,170,0.002942761,46,109,30,-0.379349487,-0.244947052,,,,,,,,,,,,
ITGB7|3695,1,ITGB7|3695,integrin subunit beta 7,DOWN,46.75604501,184,184,0.002578701,31,84,50,-0.506252451,-0.246371553,,,,,,,,,,,,
PSTPIP1|9051,1,PSTPIP1|9051,proline-serine-threonine phosphatase interacting protein 1,DOWN,47.59581561,179,179,0.00255192,31,84,53,-0.358244074,-0.262377036,,,,,,,,,,,,
AKNA|80709,1,AKNA|80709,AT-hook transcription factor,DOWN,48.25987568,170,170,0.002920929,46,109,32,-0.44586545,-0.304675321,,,,,,,,,,,,
6836,3,OS9|10956,OS9 endoplasmic reticulum lectin,UP,50.77155883,179,181,0.002361612,31,84,67,0.9911863,0.073859055,,,,,,,,,,,,
CYP27B1|1594,1,CYP27B1|1594,cytochrome P450 family 27 subfamily B member 1,UP,53.85590394,159,159,0.002877113,52,115,36,0.836510071,0.25915175,,,,,,,,,,,,
11241,3,MLLT3|4300,MLLT3 super elongation complex subunit,DOWN,57.34310439,160,160,0.002764256,52,115,41,-0.152986874,-0.274068699,,,,,,,,,,,,
6306,4,ORAOV1|220064,LTO1 maturation factor of ABCE1,UP,58.60777009,168,177,0.002544286,46,84,57,0.949285112,0.261852927,,,,,,,,,,,,
1327,3,TCF19|6941,transcription factor 19,UP,59.22569028,159,159,0.002693793,52,115,44,0.173443419,0.202212009,,,,,,,,,,,,
STX19|415117,1,STX19|415117,syntaxin 19,DOWN,59.82744378,173,173,0.002554961,46,109,52,-0.375241157,-0.235378702,,,,,,,,,,,,
C10orf95|79946,1,C10orf95|79946,chromosome 10 open reading frame 95,DOWN,59.95866658,153,153,0.002807475,61,125,39,-0.750092156,-0.210369295,,,,,,,,,,,,
CDCA2|157313,1,CDCA2|157313,cell division cycle associated 2,,62.06735861,165,165,0.002626487,52,115,49,0.000817968,0.073381981,,,,,,,,,,,,
AVIL|10677,1,AVIL|10677,advillin,UP,64.46283648,174,174,0.002421462,46,109,64,0.894444736,0.127586948,,,,,,,,,,,,
PDRG1|81572,1,PDRG1|81572,p53 and DNA damage regulated 1,UP,65.06429278,156,156,0.002545244,52,115,55,0.351759576,0.295812503,,,,,,,,,,,,
TMEM194A|23306,1,TMEM194A|23306,nuclear envelope integral membrane protein 1,UP,67.63335584,140,140,0.002691801,67,130,46,0.29131158,0.270843412,,,,,,,,,,,,
PRC1|9055,1,PRC1|9055,protein regulator of cytokinesis 1,UP,68.3460404,143,143,0.002685812,67,130,47,0.295906363,0.286956405,,,,,,,,,,,,
SGOL2|151246,1,SGOL2|151246,shugoshin 2,UP,70.36917397,162,162,0.002349823,52,115,68,0.357161538,0.295651239,,,,,,,,,,,,
6306,4,PPFIA1|8500,PTPRF interacting protein alpha 1,UP,71.06520754,135,177,0.002377969,67,84,65,0.601144992,0.19510966,,,,,,,,,,,,
CCDC108|255101,1,CCDC108|255101,cilia and flagella associated protein 65,DOWN,73.06361459,151,151,0.002498063,61,125,60,-1.25811056,-0.23324867,,,,,,,,,,,,
ELP3|55140,1,ELP3|55140,elongator acetyltransferase complex subunit 3,DOWN,74.03299055,153,153,0.002460731,61,125,62,-0.225725079,-0.272241036,,,,,,,,,,,,
NLRC3|197358,1,NLRC3|197358,NLR family CARD domain containing 3,DOWN,77.14819884,151,151,0.002345963,61,125,69,-0.566682981,-0.28988604,,,,,,,,,,,,
9635,7,HOXC9|3225,homeobox C9,UP,79.36643369,133,144,0.002528719,76,130,59,0.712255993,0.297882062,,,,,,,,,,,,
TOP2A|7153,1,TOP2A|7153,DNA topoisomerase II alpha,UP,79.4298084,144,144,0.002373444,67,130,66,0.56951661,0.32236736,,,,,,,,,,,,
ESR1|2099,1,ESR1|2099,estrogen receptor 1,DOWN,84.65442765,143,143,0.002221652,67,130,78,-0.141752156,-0.244852981,,,,,,,,,,,,
CXCR6|10663,1,CXCR6|10663,C-X-C motif chemokine receptor 6,DOWN,85.42705353,138,138,0.002214196,67,130,80,-0.59287959,-0.197333763,,,,,,,,,,,,
GZMK|3003,1,GZMK|3003,granzyme K,DOWN,87.22592946,152,152,0.002087044,61,125,100,-0.552603281,-0.214709993,,,,,,,,,,,,
CXCR3|2833,1,CXCR3|2833,C-X-C motif chemokine receptor 3,DOWN,89.90011468,141,141,0.002140772,67,130,93,-0.589046194,-0.233154599,,,,,,,,,,,,
331,4,NUF2|83540,NUF2 component of NDC80 kinetochore complex,UP,90.53074177,133,133,0.002230921,76,143,77,0.556354389,0.315029834,,,,,,,,,,,,
705,2,CENPL|91687,centromere protein L,UP,91.76518604,121,121,0.002309642,80,154,73,0.336825974,0.277925603,,,,,,,,,,,,
4750,2,MARCH9|92979,membrane associated ring-CH-type finger 9,UP,92.11447022,111,190,0.001956875,89,73,131,1.544506944,0.070163415,,,,,,,,,,,,
SHOX2|6474,1,SHOX2|6474,short stature homeobox 2,UP,92.80214262,116,116,0.0023065,80,154,75,0.604693023,0.271118906,,,,,,,,,,,,
FAM179A|165186,1,FAM179A|165186,TOG array regulator of axonemal microtubules 2,DOWN,97.09281961,115,115,0.0021916,80,154,84,-1.172785726,-0.267739074,,,,,,,,,,,,
RSPO1|284654,1,RSPO1|284654,R-spondin 1,DOWN,97.35528655,114,114,0.002336863,89,182,71,-0.13102505,-0.233228512,,,,,,,,,,,,
MAP6D1|79929,1,MAP6D1|79929,MAP6 domain containing 1,UP,97.97726127,111,111,0.002313388,89,182,72,0.132158236,0.23396092,,,,,,,,,,,,
2464,2,TAF4|6874,TATA-box binding protein associated factor 4,UP,98.82352941,117,117,0.002170592,80,154,88,0.228797455,0.246720959,,,,,,,,,,,,
3864,2,KCTD9|54793,potassium channel tetramerization domain containing 9,DOWN,99.20670912,68,125,0.002460973,136,154,61,-0.250482003,-0.098653443,,,,,,,,,,,,
CD5|921,1,CD5|921,CD5 molecule,DOWN,101.2425691,123,123,0.002139417,80,154,94,-0.777683564,-0.231387411,,,,,,,,,,,,
FASLG|356,1,FASLG|356,Fas ligand,DOWN,101.403204,128,128,0.002065121,76,143,106,-0.699692855,-0.224668064,,,,,,,,,,,,
TBC1D10C|374403,1,TBC1D10C|374403,TBC1 domain family member 10C,DOWN,102.005562,131,131,0.002058988,76,143,108,-0.405784424,-0.221792184,,,,,,,,,,,,
659,2,CENPN|55839,centromere protein N,UP,103.294164,97,122,0.002206537,98,154,81,0.199538663,0.205625437,,,,,,,,,,,,
IFT52|51098,1,IFT52|51098,intraflagellar transport 52,UP,103.7144196,111,111,0.002204012,89,182,82,0.260400207,0.225528141,,,,,,,,,,,,
3864,2,GTF2E2|2961,general transcription factor IIE subunit 2,DOWN,105.4026074,99,125,0.002184324,98,154,85,-0.16457163,-0.116392517,,,,,,,,,,,,
TNIP1|10318,1,TNIP1|10318,TNFAIP3 interacting protein 1,DOWN,106.2898303,114,114,0.002171641,89,182,87,-0.206090537,-0.24188303,,,,,,,,,,,,
248,2,CCR4|1233,CCR4-NOT transcription complex subunit 6,DOWN,106.5045207,115,115,0.002053527,80,154,109,-1.08061418,-0.164939795,,,,,,,,,,,,
NUDT18|79873,1,NUDT18|79873,nudix hydrolase 18,DOWN,106.8208092,119,119,0.002048622,80,154,110,-0.186736961,-0.263761221,,,,,,,,,,,,
1596,2,YEATS4|8089,YEATS domain containing 4,UP,108.3210978,105,185,0.00179416,98,84,179,0.917541113,0.210436489,,,,,,,,,,,,
TTC7B|145567,1,TTC7B|145567,tetratricopeptide repeat domain 7B,UP,111.6589752,115,115,0.001983101,80,154,127,0.274866105,0.220851476,,,,,,,,,,,,
C10orf26|54838,1,C10orf26|54838,WW domain binding protein 1 like,DOWN,112.648764,114,114,0.002080413,89,182,101,-0.174978202,-0.26315648,,,,,,,,,,,,
C9orf25|203259,1,C9orf25|203259,family with sequence similarity 219 member A,UP,115.0587034,104,104,0.002153738,98,200,92,0.042024179,0.202789873,,,,,,,,,,,,
ENTPD4|9583,1,ENTPD4|9583,ectonucleoside triphosphate diphosphohydrolase 4,DOWN,115.2261351,124,124,0.001919991,80,154,142,-0.225108756,-0.228538408,,,,,,,,,,,,
GSR|2936,1,GSR|2936,glutathione-disulfide reductase,DOWN,116.5525184,107,107,0.002044373,89,182,111,-0.390484502,-0.186085578,,,,,,,,,,,,
USP54|159195,1,USP54|159195,ubiquitin specific peptidase 54,DOWN,116.593613,102,102,0.002136397,98,200,95,-0.654867688,-0.285720045,,,,,,,,,,,,
C5orf34|375444,1,C5orf34|375444,chromosome 5 open reading frame 34,UP,117.036008,86,86,0.00217449,109,207,86,0.477555462,0.279309789,,,,,,,,,,,,
FAM160B2|64760,1,FAM160B2|64760,family with sequence similarity 160 member B2,DOWN,118.0722892,105,105,0.002102569,98,200,98,-0.195820965,-0.242111487,,,,,,,,,,,,
NLRX1|79671,1,NLRX1|79671,NLR family member X1,DOWN,118.5532158,104,104,0.002096415,98,200,99,-0.258125153,-0.22214159,,,,,,,,,,,,
2247,2,CBX7|23492,chromobox 7,DOWN,118.8533746,93,93,0.002168922,109,207,89,-0.596955445,-0.193577649,,,,,,,,,,,,
MAD2L1|4085,1,MAD2L1|4085,mitotic arrest deficient 2 like 1,UP,119.9615969,104,104,0.002076514,98,200,102,0.352656609,0.254817771,,,,,,,,,,,,
13339,9,MRPL36|64979,mitochondrial ribosomal protein L36,UP,121.7824268,98,117,0.001986963,98,154,126,0.345977949,0.276057625,,,,,,,,,,,,
ZNF385B|151126,1,ZNF385B|151126,zinc finger protein 385B,DOWN,122.840583,90,90,0.002134593,109,207,96,-1.105697516,-0.265602322,,,,,,,,,,,,
18,3,CD3E|916,CD3e molecule,DOWN,122.9703326,109,116,0.001893082,89,154,150,-0.511773802,-0.20785626,,,,,,,,,,,,
FAF1|11124,1,FAF1|11124,Fas associated factor 1,UP,123.3831251,91,91,0.002103433,109,207,97,0.060526278,0.203764178,,,,,,,,,,,,
TRIM8|81603,1,TRIM8|81603,tripartite motif containing 8,DOWN,126.4348743,82,82,0.002162039,120,227,91,-0.222249735,-0.250900392,,,,,,,,,,,,
DDIT3|1649,1,DDIT3|1649,DNA damage inducible transcript 3,UP,126.6963699,95,95,0.002017468,98,200,118,0.749544898,0.247984196,,,,,,,,,,,,
UBE2C|11065,1,UBE2C|11065,ubiquitin conjugating enzyme E2 C,UP,127.0077038,90,90,0.002066749,109,207,104,0.59623607,0.29667258,,,,,,,,,,,,
9635,7,HOXC8|3224,homeobox C8,UP,127.1603623,71,144,0.002019148,136,130,117,0.443555208,0.269976617,,,,,,,,,,,,
10217,5,CLIC5|53405,chloride intracellular channel 5,DOWN,127.2549237,90,130,0.001941041,109,143,135,-0.749465802,-0.276165135,,,,,,,,,,,,
12383,4,MLH1|4292,mutL homolog 1,,133.1611534,71,71,0.00216468,136,246,90,0.096206481,0.143431167,,,,,,,,,,,,
EEF1B2|1933,1,EEF1B2|1933,eukaryotic translation elongation factor 1 beta 2,DOWN,133.9385795,105,105,0.001926779,98,200,139,-0.264547803,-0.199436919,,,,,,,,,,,,
CKAP2L|150468,1,CKAP2L|150468,cytoskeleton associated protein 2 like,UP,134.7561837,78,78,0.00206529,120,227,105,0.40057703,0.300583239,,,,,,,,,,,,
C5orf33|133686,1,C5orf33|133686,NAD kinase 2%2C mitochondrial,UP,135.5300581,92,92,0.002001518,109,207,123,0.279720986,0.204691448,,,,,,,,,,,,
C20orf111|51526,1,C20orf111|51526,oxidative stress responsive serine rich 1,UP,138.9649516,75,75,0.002038378,120,227,113,0.22804689,0.243724131,,,,,,,,,,,,
6836,3,FAM119B|25895,EEF1A lysine methyltransferase 3,UP,139.0708597,38,181,0.001682824,188,84,230,1.562118409,0.176100629,,,,,,,,,,,,
1239,2,KDELR2|11014,KDEL endoplasmic reticulum protein retention receptor 2,UP,139.379124,91,91,0.001944672,109,207,133,0.225515816,0.158764715,,,,,,,,,,,,
7652,3,ERAL1|26284,Era like 12S mitochondrial rRNA chaperone 1,UP,141.8977719,79,79,0.002015105,120,227,119,0.253677723,0.226267269,,,,,,,,,,,,
CTNNBL1|56259,1,CTNNBL1|56259,catenin beta like 1,UP,142.369338,85,85,0.002012842,120,227,120,0.211880085,0.266018922,,,,,,,,,,,,
10217,5,C6orf97|80129,coiled-coil domain containing 170,DOWN,142.8016644,84,130,0.001803943,120,143,176,-0.672419928,-0.27847659,,,,,,,,,,,,
LTB|4050,1,LTB|4050,lymphotoxin beta,DOWN,142.8361766,83,83,0.002001522,120,227,121,-0.140996542,-0.216685481,,,,,,,,,,,,
NAT1|9,1,NAT1|9,solute carrier family 6 member 2,UP,145.9774478,83,83,0.001972073,120,227,128,1.014991761,-0.165893942,,,,,,,,,,,,
5111,2,SLC35E3|55508,solute carrier family 35 member E3,UP,146.0923815,17,194,0.001536879,266,73,325,1.303833318,0.035343762,,,,,,,,,,,,
MUC16|94025,1,MUC16|94025,mucin 16%2C cell surface associated,DOWN,146.8362129,84,84,0.001957087,120,227,130,-0.32313547,-0.181986776,,,,,,,,,,,,
MAD2L2|10459,1,MAD2L2|10459,mitotic arrest deficient 2 like 2,UP,147.4451207,70,70,0.002038675,136,246,112,0.416706204,0.236185024,,,,,,,,,,,,
IPCEF1|26034,1,IPCEF1|26034,interaction protein for cytohesin exchange factors 1,DOWN,147.6786594,76,76,0.001944906,120,227,132,-0.639737596,-0.301833038,,,,,,,,,,,,
659,2,SHCBP1|79801,SHC binding and spindle associated 1,UP,148.0832095,57,122,0.001926619,151,154,140,0.291474877,0.257525668,,,,,,,,,,,,
PRKCQ|5588,1,PRKCQ|5588,protein kinase C theta,DOWN,148.7898029,59,59,0.002072069,151,261,103,-0.720406983,-0.246626888,,,,,,,,,,,,
4790,2,MIPOL1|145282,mirror-image polydactyly 1,,149.7803756,87,88,0.001835111,109,207,166,-0.04085058,-0.082527012,,,,,,,,,,,,
C17orf37|84299,1,C17orf37|84299,migration and invasion enhancer 1,UP,150.5843458,89,89,0.001825046,109,207,169,1.666946649,0.133620921,,,,,,,,,,,,
2651,3,HOXA10|3206,homeobox A10,UP,151.0760979,30,184,0.00159326,222,84,290,0.412109405,0.123219373,,,,,,,,,,,,
MPV17L|255027,1,MPV17L|255027,MPV17 mitochondrial inner membrane protein like,UP,153.520684,85,85,0.001898583,120,227,147,0.256762482,0.181261087,,,,,,,,,,,,
CYP4X1|260293,1,CYP4X1|260293,cytochrome P450 family 4 subfamily X member 1,DOWN,153.9843611,74,74,0.001992229,136,246,124,-0.592507793,-0.242299629,,,,,,,,,,,,
9635,7,HOXC5|3222,homeobox C5,UP,154.4662921,37,144,0.001858834,188,130,156,0.742752479,0.247628071,,,,,,,,,,,,
RPL3|6122,1,RPL3|6122,ribosomal protein L3,DOWN,154.4959732,74,74,0.001989997,136,246,125,-0.224234833,-0.243482234,,,,,,,,,,,,
7415,12,SNTN|132203,sentan%2C cilia apical structure protein,DOWN,154.7716535,73,111,0.001874033,136,182,153,-2.088549055,-0.169663495,,,,,,,,,,,,
ACAP1|9744,1,ACAP1|9744,ArfGAP with coiled-coil%2C ankyrin repeat and PH domains 1,DOWN,155.0161411,86,86,0.001783195,109,207,187,-0.468259362,-0.219279149,,,,,,,,,,,,
13339,9,MED10|84246,mediator complex subunit 10,UP,155.8361222,56,117,0.001840112,151,154,163,0.222972714,0.264554104,,,,,,,,,,,,
ZNF883|169834,1,ZNF883|169834,zinc finger protein 883,UP,157.2770203,64,64,0.002033546,151,261,116,0.451016299,0.201808848,,,,,,,,,,,,
FTSJ2|29960,1,FTSJ2|29960,mitochondrial rRNA methyltransferase 2,UP,158.3130182,75,75,0.001844222,120,227,161,0.134890636,0.235015858,,,,,,,,,,,,
CKS1B|1163,1,CKS1B|1163,CDC28 protein kinase regulatory subunit 1B,UP,158.8926799,74,74,0.001943495,136,246,134,0.452148415,0.267053701,,,,,,,,,,,,
PNPT1|87178,1,PNPT1|87178,polyribonucleotide nucleotidyltransferase 1,UP,160.2799394,74,74,0.001938263,136,246,137,0.236181928,0.26202763,,,,,,,,,,,,
9126,2,EPB49|2039,dematin actin binding protein,DOWN,162.0729746,73,73,0.001925343,136,246,141,-0.456262738,-0.247964038,,,,,,,,,,,,
9635,7,HOXC4|3221,homeobox C4,UP,163.3838336,53,144,0.001720979,168,130,212,0.70652352,0.245081438,,,,,,,,,,,,
MBD2|8932,1,MBD2|8932,methyl-CpG binding domain protein 2,,163.9726027,49,49,0.002037021,168,280,114,-0.092164972,-0.079583938,,,,,,,,,,,,
596,2,CASP1|834,caspase 1,DOWN,164.6590909,49,49,0.002034324,168,280,115,-0.30321676,-0.076224265,,,,,,,,,,,,
AGPAT3|56894,1,AGPAT3|56894,1-acylglycerol-3-phosphate O-acyltransferase 3,DOWN,164.7819985,57,57,0.001959207,151,261,129,-0.168581884,-0.210745579,,,,,,,,,,,,
2651,3,HOXA9|3205,homeobox A9,,165.6075949,12,184,0.001587344,356,84,294,0.016106569,0.116600817,,,,,,,,,,,,
107,2,NDC80|10403,NDC80 kinetochore complex component,UP,167.0331754,7,183,0.001569415,356,84,308,0.471116486,0.27025211,,,,,,,,,,,,
UBASH3A|53347,1,UBASH3A|53347,ubiquitin associated and SH3 domain containing A,DOWN,167.6609065,85,85,0.00176715,120,227,194,-0.760637722,-0.225131699,,,,,,,,,,,,
DEPDC1|55635,1,DEPDC1|55635,DEP domain containing 1,UP,168.6586321,68,68,0.0018579,136,246,157,0.284372357,0.244396065,,,,,,,,,,,,
18,3,CD2|914,CD2 molecule,DOWN,168.8710305,41,116,0.001827681,188,154,168,-0.526846548,-0.204187497,,,,,,,,,,,,
127,2,CD3G|917,CD3g molecule,DOWN,169.0497852,74,78,0.001832959,136,227,167,-0.821027074,-0.16375719,,,,,,,,,,,,
1267,2,DPM1|8813,dolichyl-phosphate mannosyltransferase subunit 1%2C catalytic,UP,169.1225166,85,85,0.001736552,120,227,200,0.283960622,0.285867871,,,,,,,,,,,,
4292,2,BIN3|55909,bridging integrator 3,DOWN,171.6385797,67,67,0.001835371,136,246,165,-0.20677371,-0.184056335,,,,,,,,,,,,
RNF114|55905,1,RNF114|55905,ring finger protein 114,UP,174.3102593,59,59,0.001896309,151,261,148,0.143264513,0.204792238,,,,,,,,,,,,
SKA3|221150,1,SKA3|221150,spindle and kinetochore associated complex subunit 3,UP,176.1299162,59,59,0.00187672,151,261,152,0.389405765,0.244637962,,,,,,,,,,,,
IGDCC4|57722,1,IGDCC4|57722,immunoglobulin superfamily DCC subclass member 4,UP,177.6409572,83,83,0.0016639,120,227,241,0.795527683,0.076318336,,,,,,,,,,,,
4808,2,MRPS27|23107,mitochondrial ribosomal protein S27,DOWN,177.7593361,47,47,0.00193887,168,280,136,-0.155067385,-0.20158039,,,,,,,,,,,,
ANKLE1|126549,1,ANKLE1|126549,ankyrin repeat and LEM domain containing 1,UP,178.8888889,53,53,0.00193067,168,280,138,0.607425969,0.220811159,,,,,,,,,,,,
7930,7,ST6GALNAC1|55808,ST6 N-acetylgalactosaminide alpha-2%2C6-sialyltransferase 1,DOWN,179.4624132,64,88,0.001777936,151,207,190,-0.821827588,-0.265279794,,,,,,,,,,,,
PCMT1|5110,1,PCMT1|5110,protein-L-isoaspartate (D-aspartate) O-methyltransferase,UP,179.5440968,66,66,0.001779722,136,246,189,0.152850346,0.230668441,,,,,,,,,,,,
INTS5|80789,1,INTS5|80789,integrator complex subunit 5,DOWN,179.5984088,56,56,0.001844745,151,261,160,-0.140951302,-0.22008547,,,,,,,,,,,,
6836,3,CTDSP2|10106,CTD small phosphatase 2,UP,179.7539713,5,181,0.001290383,419,84,417,0.622419049,0.061051981,,,,,,,,,,,,
6306,4,FADD|8772,Fas associated via death domain,UP,181.504309,0,177,0.001172766,419,84,447,0.573606242,0.157111756,,,,,,,,,,,,
GPR174|84636,1,GPR174|84636,G protein-coupled receptor 174,DOWN,181.6330645,52,52,0.001912303,168,280,143,-0.862568945,-0.161895931,,,,,,,,,,,,
CCNB2|9133,1,CCNB2|9133,cyclin B2,UP,183.2270916,48,48,0.001898881,168,280,146,0.432755238,0.281540612,,,,,,,,,,,,
9351,3,RTEL1|51750,regulator of telomere elongation helicase 1,UP,184.1009808,0,180,0.00092417,419,84,499,0.182056584,0.085792614,,,,,,,,,,,,
6306,4,CTTN|2017,cortactin,UP,184.2812026,0,177,0.000894128,419,84,503,0.686545856,0.031164328,,,,,,,,,,,,
KIF23|9493,1,KIF23|9493,kinesin family member 23,UP,184.4123872,57,57,0.001817724,151,261,172,0.426004607,0.285236252,,,,,,,,,,,,
JHDM1D|80853,1,JHDM1D|80853,lysine demethylase 7A,DOWN,185.1730619,62,62,0.001810964,151,261,174,-0.247914418,-0.195747998,,,,,,,,,,,,
4538,3,NOP56|10528,NOP56 ribonucleoprotein,UP,186.6610553,64,65,0.001796212,151,261,178,0.218158951,0.264325646,,,,,,,,,,,,
9351,3,NPEPL1|79716,aminopeptidase like 1,UP,186.7477986,0,180,0.000752475,419,84,564,0.293189737,0.139869913,,,,,,,,,,,,
TMED6|146456,1,TMED6|146456,transmembrane p24 trafficking protein 6,DOWN,187.7488134,61,61,0.00179237,151,261,181,-0.501719909,-0.087721066,,,,,,,,,,,,
1353,4,WDR67|93594,TBC1 domain family member 31,UP,187.7884615,46,50,0.001870602,168,280,155,0.370367067,0.287467075,,,,,,,,,,,,
PER2|8864,1,PER2|8864,period circadian regulator 2,DOWN,188.4609736,65,65,0.001791114,151,261,183,-0.284653822,-0.221859378,,,,,,,,,,,,
9635,7,HOXC6|3223,homeobox C6,UP,190.1015204,27,144,0.001607795,222,130,279,0.585827086,0.253299199,,,,,,,,,,,,
4008,2,BLM|641,BLM RecQ like helicase,UP,191.4956584,54,55,0.001820397,168,261,170,0.404304344,0.284859969,,,,,,,,,,,,
474,2,PLEKHG7|440107,pleckstrin homology and RhoGEF domain containing G7,DOWN,191.5431464,62,62,0.001769423,151,261,192,-0.560763722,-0.257270333,,,,,,,,,,,,
ERLIN1|10613,1,ERLIN1|10613,ER lipid raft associated 1,DOWN,192.3205325,21,21,0.002064343,266,401,107,-0.174830942,-0.123192496,,,,,,,,,,,,
CDC25A|993,1,CDC25A|993,cell division cycle 25A,UP,193.0755414,38,38,0.001900623,188,301,145,0.358548683,0.254501962,,,,,,,,,,,,
7415,12,LDLRAD1|388633,low density lipoprotein receptor class A domain containing 1,DOWN,193.629393,34,111,0.001792209,222,182,182,-1.469794324,-0.215529753,,,,,,,,,,,,
YWHAB|7529,1,YWHAB|7529,tyrosine 3-monooxygenase/tryptophan 5-monooxygenase activation protein beta,UP,198.035882,56,56,0.001716995,151,261,213,0.138074882,0.215220663,,,,,,,,,,,,
1327,3,MCM6|4175,minichromosome maintenance complex component 6,,199.3283831,5,159,0.001648155,419,115,252,0.076446737,0.14380745,,,,,,,,,,,,
TMEM203|94107,1,TMEM203|94107,transmembrane protein 203,UP,200.8268831,56,56,0.001690627,151,261,223,0.212390653,0.184083212,,,,,,,,,,,,
WDHD1|11169,1,WDHD1|11169,WD repeat and HMG-box DNA binding protein 1,UP,200.92807,45,45,0.001848554,188,301,159,0.091238722,0.149384508,,,,,,,,,,,,
7930,7,PIGR|5284,polymeric immunoglobulin receptor,DOWN,201.1326418,50,88,0.001663528,168,207,242,-0.801265646,-0.250907112,,,,,,,,,,,,
7415,12,C11orf16|56673,chromosome 11 open reading frame 16,DOWN,202.2964874,37,111,0.001652292,188,182,249,-0.782601591,-0.182127883,,,,,,,,,,,,
STARD3|10948,1,STARD3|10948,StAR related lipid transfer domain containing 3,UP,206.9117647,47,47,0.001736404,168,280,201,0.991869365,0.166592754,,,,,,,,,,,,
EIF3L|51386,1,EIF3L|51386,eukaryotic translation initiation factor 3 subunit L,DOWN,207.0484641,42,42,0.001818439,188,301,171,-0.222137895,-0.21022147,,,,,,,,,,,,
10217,5,RAI2|10742,retinoic acid induced 2,DOWN,207.1453243,33,130,0.001506349,222,143,335,-0.486371021,-0.237273558,,,,,,,,,,,,
UQCC|55245,1,UQCC|55245,ubiquinol-cytochrome c reductase complex assembly factor 1,UP,208.0190672,43,43,0.001811167,188,301,173,0.144115683,0.183209697,,,,,,,,,,,,
1154,2,CCDC150|284992,coiled-coil domain containing 150,UP,208.6495177,47,47,0.001729042,168,280,206,0.537542936,0.246747836,,,,,,,,,,,,
MUC5B|727897,1,MUC5B|727897,mucin 5B%2C oligomeric mucus/gel-forming,DOWN,208.9763159,40,40,0.001806367,188,301,175,-0.649718525,-0.21946729,,,,,,,,,,,,
TRIB3|57761,1,TRIB3|57761,tribbles pseudokinase 3,UP,208.9903846,53,53,0.001727114,168,280,207,0.347388995,0.254649788,,,,,,,,,,,,
7872,9,KRT10|3858,keratin 10,,209.5809445,32,32,0.001901015,222,349,144,-0.217930455,0.238429286,,,,,,,,,,,,
PTK2B|2185,1,PTK2B|2185,protein tyrosine kinase 2 beta,DOWN,211.3127904,43,43,0.001792813,188,301,180,-0.360788987,-0.211672848,,,,,,,,,,,,
4274,2,SAE1|10055,SUMO1 activating enzyme subunit 1,UP,218.2858193,45,45,0.001765588,188,301,196,0.145847562,0.254179433,,,,,,,,,,,,
7961,4,SPRED2|200734,sprouty related EVH1 domain containing 2,UP,219.5143308,41,41,0.001745999,188,301,199,0.166490196,0.176033435,,,,,,,,,,,,
MKNK2|2872,1,MKNK2|2872,MAPK interacting serine/threonine kinase 2,DOWN,220.5,46,46,0.00165572,168,280,245,-0.128230654,-0.183841316,,,,,,,,,,,,
ATP9B|374868,1,ATP9B|374868,ATPase phospholipid transporting 9B (putative),DOWN,220.7196427,41,41,0.001736362,188,301,202,-0.209949519,-0.20405311,,,,,,,,,,,,
RILPL1|353116,1,RILPL1|353116,Rab interacting lysosomal protein like 1,UP,221.0369318,52,52,0.001654792,168,280,247,0.213544544,0.164623985,,,,,,,,,,,,
11397,2,PLEKHA2|59339,pleckstrin homology domain containing A2,,221.6110459,0,170,0.000882433,419,109,506,-0.003217608,-0.102953825,,,,,,,,,,,,
ATP6V1B2|526,1,ATP6V1B2|526,ATPase H+ transporting V1 subunit B2,DOWN,221.8309859,53,53,0.001649771,168,280,250,-0.314889572,-0.231353814,,,,,,,,,,,,
11241,3,KIAA1797|54914,focadhesin,DOWN,223.4768811,1,160,0.001260191,419,115,427,-0.105037722,-0.177706553,,,,,,,,,,,,
FAM46C|54855,1,FAM46C|54855,terminal nucleotidyltransferase 5C,DOWN,224.2027703,42,42,0.001721436,188,301,211,-0.721648243,-0.249395259,,,,,,,,,,,,
2624,2,C10orf114|399726,MIR1915 host gene,UP,225.6899761,37,40,0.001711005,188,301,215,0.685698722,0.172781272,,,,,,,,,,,,
MURC|347273,1,MURC|347273,caveolae associated protein 4,,226.4201695,44,44,0.001702003,188,301,217,-0.141349629,0.201311616,,,,,,,,,,,,
PTN|5764,1,PTN|5764,pleiotrophin,UP,227.2679045,53,53,0.001615978,168,280,272,0.926882332,0.079987099,,,,,,,,,,,,
FCRL6|343413,1,FCRL6|343413,Fc receptor like 6,DOWN,227.4991472,41,41,0.001692737,188,301,220,-0.988244165,-0.241426114,,,,,,,,,,,,
1327,3,WDR76|79968,WD repeat domain 76,,228.9641297,0,159,0.000939802,419,115,495,0.008740995,0.114907542,,,,,,,,,,,,
BSPRY|54836,1,BSPRY|54836,B-box and SPRY domain containing,DOWN,229.6002681,38,38,0.001686941,188,301,226,-0.299418229,-0.198966565,,,,,,,,,,,,
ISPD|729920,1,ISPD|729920,CDP-L-ribitol pyrophosphorylase A,UP,229.9433024,40,40,0.001685638,188,301,227,0.203824247,0.147960006,,,,,,,,,,,,
GPR171|29909,1,GPR171|29909,G protein-coupled receptor 171,DOWN,230.6234005,39,39,0.001684774,188,301,229,-0.796793499,-0.208756652,,,,,,,,,,,,
7415,12,C20orf85|128602,chromosome 20 open reading frame 85,DOWN,231.3677783,34,111,0.001499832,222,182,337,-2.288349002,-0.187389131,,,,,,,,,,,,
KIAA0415|9907,1,KIAA0415|9907,adaptor related protein complex 5 subunit zeta 1,UP,232.9973913,23,23,0.001880424,266,401,151,0.198082075,0.171645702,,,,,,,,,,,,
9635,7,HOXC10|3226,homeobox C10,UP,233.4863964,6,144,0.00126698,356,130,426,0.484251068,0.237582648,,,,,,,,,,,,
WDR63|126820,1,WDR63|126820,WD repeat domain 63,DOWN,234.2904975,29,29,0.001790859,222,349,184,-0.506239294,-0.212781541,,,,,,,,,,,,
11241,3,KLHL9|55958,kelch like family member 9,,235.4156736,0,160,0.00067223,419,115,602,-0.090124838,-0.081989464,,,,,,,,,,,,
CHEK1|1111,1,CHEK1|1111,checkpoint kinase 1,,236.4255678,34,34,0.001781124,222,349,188,0.103792114,0.132498791,,,,,,,,,,,,
C16orf54|283897,1,C16orf54|283897,chromosome 16 open reading frame 54,DOWN,236.711301,44,44,0.001654512,188,301,248,-0.852745165,-0.233053809,,,,,,,,,,,,
EME1|146956,1,EME1|146956,essential meiotic structure-specific endonuclease 1,UP,236.8085106,53,53,0.001552474,168,280,318,0.632003771,0.288864699,,,,,,,,,,,,
TOM1|10043,1,TOM1|10043,target of myb1 membrane trafficking protein,DOWN,238.7969087,37,37,0.001644682,188,301,255,-0.218355734,-0.242111487,,,,,,,,,,,,
CNDP2|55748,1,CNDP2|55748,carnosine dipeptidase 2,DOWN,239.0884405,39,39,0.001643613,188,301,256,-0.243539201,-0.248306725,,,,,,,,,,,,
AMPD3|272,1,AMPD3|272,adenosine monophosphate deaminase 3,DOWN,239.3784079,38,38,0.001639714,188,301,257,-0.517691413,-0.240062087,,,,,,,,,,,,
MYBL2|4605,1,MYBL2|4605,MYB proto-oncogene like 2,UP,240.0376543,27,27,0.001766701,222,349,195,0.517656959,0.279659195,,,,,,,,,,,,
83,2,TIFAB|497189,TIFA inhibitor,DOWN,240.8401802,32,35,0.001704917,222,301,216,-0.544098056,-0.19500215,,,,,,,,,,,,
INPP4A|3631,1,INPP4A|3631,inositol polyphosphate-4-phosphatase type I A,,241.0417603,26,26,0.001765192,222,349,197,0.086869682,0.108315863,,,,,,,,,,,,
9378,12,CPVL|54504,carboxypeptidase vitellogenic like,,241.4291915,23,23,0.001841856,266,401,162,0.066436648,0.069625867,,,,,,,,,,,,
9635,7,HOXC11|3227,homeobox C11,UP,241.7416058,3,144,0.001244043,419,130,429,0.74776799,0.236238779,,,,,,,,,,,,
TNFAIP6|7130,1,TNFAIP6|7130,TNF alpha induced protein 6,UP,242.1947411,37,37,0.001621421,188,301,267,0.451321388,0.222954631,,,,,,,,,,,,
ORMDL3|94103,1,ORMDL3|94103,ORMDL sphingolipid biosynthesis regulator 3,UP,242.9007193,19,19,0.001837866,266,401,164,0.526214308,0.077232167,,,,,,,,,,,,
14743,5,C20orf107|388799,family with sequence similarity 209 member B,UP,243.9829258,26,26,0.001732977,222,349,203,0.410175486,0.15368489,,,,,,,,,,,,
CCDC6|8030,1,CCDC6|8030,coiled-coil domain containing 6,,244.0801788,37,37,0.001612175,188,301,274,-0.068063451,-0.141543031,,,,,,,,,,,,
SCEL|8796,1,SCEL|8796,sciellin,DOWN,244.4630185,30,30,0.001731018,222,349,204,-0.966160469,-0.12952212,,,,,,,,,,,,
DUSP12|11266,1,DUSP12|11266,dual specificity phosphatase 12,UP,245.8990809,35,35,0.001604714,188,301,281,0.255172438,0.25647745,,,,,,,,,,,,
SCUBE1|80274,1,SCUBE1|80274,signal peptide%2C CUB domain and EGF like domain containing 1,DOWN,247.4078129,39,39,0.001598439,188,301,287,-0.359343647,-0.227288609,,,,,,,,,,,,
1306,2,ABCF1|23,ATP binding cassette subfamily F member 1,UP,248.6311692,39,39,0.001589015,188,301,292,0.177173132,0.223821427,,,,,,,,,,,,
POLL|27343,1,POLL|27343,DNA polymerase lambda,DOWN,249.1129252,30,30,0.001714485,222,349,214,-0.125747671,-0.22388862,,,,,,,,,,,,
7415,12,CDHR4|389118,cadherin related family member 4,DOWN,251.9648241,18,111,0.001429816,266,182,377,-2.065292775,-0.195842068,,,,,,,,,,,,
C8orf79|57604,1,C8orf79|57604,tRNA methyltransferase 9B (putative),DOWN,252.0398087,25,25,0.001798045,266,401,177,0.104194841,-0.205927807,,,,,,,,,,,,
CSE1L|1434,1,CSE1L|1434,chromosome segregation 1 like,UP,253.5042798,31,31,0.001690537,222,349,224,0.314953345,0.280653658,,,,,,,,,,,,
TMEM66|51669,1,TMEM66|51669,store-operated calcium entry associated regulatory factor,DOWN,253.8927847,41,41,0.001562885,188,301,315,-0.251876246,-0.220354244,,,,,,,,,,,,
TAGAP|117289,1,TAGAP|117289,T cell activation RhoGTPase activating protein,DOWN,257.0317217,44,44,0.00151503,188,301,330,-0.749485591,-0.206982745,,,,,,,,,,,,
CALU|813,1,CALU|813,calumenin,UP,257.2528251,30,30,0.001672902,222,349,233,0.058817889,0.158254045,,,,,,,,,,,,
DAPL1|92196,1,DAPL1|92196,death associated protein like 1,DOWN,257.3214495,17,17,0.001784798,266,401,185,0.032005927,-0.16797022,,,,,,,,,,,,
RASGEF1B|153020,1,RASGEF1B|153020,RasGEF domain family member 1B,DOWN,258.8607317,27,27,0.001666485,222,349,237,-0.45787777,-0.238980272,,,,,,,,,,,,
ZNF516|9658,1,ZNF516|9658,zinc finger protein 516,DOWN,259.2573298,28,28,0.001663992,222,349,238,-0.259150299,-0.223525775,,,,,,,,,,,,
IL5RA|3568,1,IL5RA|3568,interleukin 5 receptor subunit alpha,DOWN,259.651811,31,31,0.001663931,222,349,239,-0.966659281,-0.230547492,,,,,,,,,,,,
331,4,TTK|7272,TTK protein kinase,UP,260.6013045,0,133,0.001070508,419,143,469,0.420232954,0.261113799,,,,,,,,,,,,
WDR70|55100,1,WDR70|55100,WD repeat domain 70,UP,261.2089016,31,31,0.001658685,222,349,243,0.219349074,0.234962103,,,,,,,,,,,,
ARMC3|219681,1,ARMC3|219681,armadillo repeat containing 3,DOWN,261.593048,30,30,0.001658264,222,349,244,-1.224645252,-0.237119013,,,,,,,,,,,,
IK|3550,1,IK|3550,potassium calcium-activated channel subfamily N member 4,,262.363641,23,23,0.001767901,266,401,193,-0.079832134,-0.138022093,,,,,,,,,,,,
10217,5,SLC40A1|30061,solute carrier family 40 member 1,DOWN,264.0882299,0,130,0.000882701,419,143,505,-0.447851801,-0.152005053,,,,,,,,,,,,
331,4,CDK1|983,cyclin dependent kinase 1,UP,264.896753,0,133,0.000870078,419,143,514,0.327973744,0.211135301,,,,,,,,,,,,
10217,5,DACH1|1602,dachshund family transcription factor 1,DOWN,265.9389979,0,130,0.000835256,419,143,526,-0.189594253,-0.116526904,,,,,,,,,,,,
BHLHA15|168620,1,BHLHA15|168620,basic helix-loop-helix family member a15,DOWN,266.766188,27,27,0.001632831,222,349,258,-0.605359648,-0.198771703,,,,,,,,,,,,
13339,9,BRD9|65980,bromodomain containing 9,,268.1058551,0,117,0.001224677,419,154,433,0.124973667,0.115868408,,,,,,,,,,,,
SIT1|27240,1,SIT1|27240,signaling threshold regulating transmembrane adaptor 1,DOWN,268.5256906,31,31,0.001628107,222,349,263,-0.609278623,-0.207103693,,,,,,,,,,,,
331,4,NEK2|4751,NIMA related kinase 2,UP,268.7648714,0,133,0.000756621,419,143,561,0.356629645,0.212317906,,,,,,,,,,,,
MAP7D3|79649,1,MAP7D3|79649,MAP7 domain containing 3,UP,269.5124096,15,15,0.001729115,266,401,205,0.169577403,0.184177283,,,,,,,,,,,,
IL2RB|3560,1,IL2RB|3560,interleukin 2 receptor subunit beta,DOWN,269.5603669,31,31,0.001622285,222,349,266,-0.470309206,-0.194525077,,,,,,,,,,,,
13339,9,CCDC127|133957,coiled-coil domain containing 127,,270.212733,0,117,0.001162831,419,154,450,0.112905271,0.121942697,,,,,,,,,,,,
705,2,C1orf112|55732,chromosome 1 open reading frame 112,UP,270.3327089,3,121,0.001154301,419,154,451,0.390502844,0.272335107,,,,,,,,,,,,
EYA2|2139,1,EYA2|2139,EYA transcriptional coactivator and phosphatase 2,,270.5797029,26,26,0.001618333,222,349,269,0.012496508,-0.051833038,,,,,,,,,,,,
18,3,CD3D|915,CD3d molecule,DOWN,270.9262585,0,116,0.001140511,419,154,456,-0.367321964,-0.184748428,,,,,,,,,,,,
RAB36|9609,1,RAB36|9609,RAB36%2C member RAS oncogene family,,271.2267382,16,16,0.001727007,266,401,208,-0.111709423,-0.042022792,,,,,,,,,,,,
STAC|6769,1,STAC|6769,SH3 and cysteine rich domain,UP,271.2509054,27,27,0.001616301,222,349,271,0.277779864,0.126659679,,,,,,,,,,,,
2464,2,DIDO1|11083,death inducer-obliterator 1,,271.6248831,0,117,0.00109509,419,154,462,0.089509242,0.105715476,,,,,,,,,,,,
FAHD2B|151313,1,FAHD2B|151313,fumarylacetoacetate hydrolase domain containing 2B,UP,272.5736984,26,26,0.001611717,222,349,275,0.288221867,0.192898995,,,,,,,,,,,,
4607,2,MON1B|22879,MON1 homolog B%2C secretory trafficking associated,DOWN,272.9003803,31,31,0.001610781,222,349,276,-0.193905753,-0.221126969,,,,,,,,,,,,
13339,9,ZNF622|90441,zinc finger protein 622,,273.6358764,0,117,0.00099476,419,154,480,0.129579259,0.120330054,,,,,,,,,,,,
13339,9,PDCD6|10016,programmed cell death 6,UP,274.0662848,0,117,0.000959396,419,154,484,0.178913947,0.137867548,,,,,,,,,,,,
13339,9,NDUFS6|4726,NADH:ubiquinone oxidoreductase subunit S6,UP,274.3853226,0,117,0.000953161,419,154,487,0.351035419,0.17064452,,,,,,,,,,,,
SPC25|57405,1,SPC25|57405,SPC25 component of NDC80 kinetochore complex,UP,275.1434595,34,34,0.001601248,222,349,283,0.418138075,0.292923184,,,,,,,,,,,,
13339,9,SDHA|6389,succinate dehydrogenase complex flavoprotein subunit A,,275.4261037,0,117,0.00093698,419,154,497,0.019405604,0.030411762,,,,,,,,,,,,
CNTFR|1271,1,CNTFR|1271,ciliary neurotrophic factor receptor,UP,275.4577912,33,33,0.001601168,222,349,284,0.508904456,0.114759716,,,,,,,,,,,,
9586,7,THEMIS|387357,thymocyte selection associated,DOWN,277.4437941,16,41,0.001620343,266,301,268,-0.600200704,-0.189035371,,,,,,,,,,,,
1233,4,SLPI|6590,secretory leukocyte peptidase inhibitor,DOWN,278.2207851,30,30,0.001588165,222,349,293,-0.405593296,-0.172364672,,,,,,,,,,,,
9586,7,CLNK|116449,cytokine dependent hematopoietic cell linker,DOWN,278.6048185,27,41,0.001496977,222,301,340,-0.103215215,-0.182853572,,,,,,,,,,,,
NUDT1|4521,1,NUDT1|4521,nudix hydrolase 1,UP,279.1161813,34,34,0.00158155,222,349,296,0.415362012,0.276675805,,,,,,,,,,,,
RPAP3|79657,1,RPAP3|79657,RNA polymerase II associated protein 3,UP,280.5811694,28,28,0.00157695,222,349,301,0.230715484,0.180118798,,,,,,,,,,,,
248,2,CCR8|1237,C-C motif chemokine receptor 8,DOWN,282.0182199,0,115,0.000728905,419,154,569,-0.234874842,-0.106938397,,,,,,,,,,,,
13339,9,EXOC3|11336,exocyst complex component 3,,282.9838491,0,117,0.000711324,419,154,581,0.018317264,0.002062839,,,,,,,,,,,,
CTBP2|1488,1,CTBP2|1488,C-terminal binding protein 2,DOWN,283.4957717,21,21,0.001682579,266,401,231,-0.163912395,-0.197925066,,,,,,,,,,,,
5104,2,FRS2|10818,fibroblast growth factor receptor substrate 2,UP,283.9965418,17,23,0.001674232,266,401,232,0.983603688,0.127869161,,,,,,,,,,,,
117,3,ASPM|259266,abnormal spindle microtubule assembly,UP,284.9904546,17,17,0.001670835,266,401,234,0.315498332,0.233268828,,,,,,,,,,,,
ZNF772|400720,1,ZNF772|400720,zinc finger protein 772,UP,285.4836358,23,23,0.001669302,266,401,235,0.140993341,0.111514272,,,,,,,,,,,,
PGR|5241,1,PGR|5241,progesterone receptor,DOWN,285.5883479,28,28,0.001548681,222,349,319,-1.479166131,-0.253131215,,,,,,,,,,,,
SEPT1|1731,1,SEPT1|1731,septin 1,DOWN,286.3845871,34,34,0.001544256,222,349,322,-0.372429052,-0.219668871,,,,,,,,,,,,
14903,7,GAL|51083,galanin and GMAP prepropeptide,UP,287.912546,19,19,0.001663913,266,401,240,1.336106991,0.223384669,,,,,,,,,,,,
REEP4|80346,1,REEP4|80346,receptor accessory protein 4,,290.748253,16,16,0.001654949,266,401,246,-0.071356332,0.02179756,,,,,,,,,,,,
KLRK1|22914,1,KLRK1|22914,killer cell lectin like receptor K1,DOWN,291.1946993,27,27,0.001492324,222,349,341,-0.559313536,-0.245901199,,,,,,,,,,,,
CDC25B|994,1,CDC25B|994,cell division cycle 25B,UP,291.6788143,29,29,0.001490287,222,349,343,0.349193034,0.232973176,,,,,,,,,,,,
8681,10,PRSS27|83886,serine protease 27,DOWN,293.048084,21,21,0.001648509,266,401,251,-0.72232954,0.001061657,,,,,,,,,,,,
4584,2,BCR|613,BCR activator of RhoGEF and GTPase,DOWN,293.9524212,24,24,0.001647934,266,401,253,-0.324275703,-0.217115519,,,,,,,,,,,,
PTX3|5806,1,PTX3|5806,paired like homeodomain 3,UP,294.0399511,26,26,0.001462658,222,349,353,2.049381106,0.169596302,,,,,,,,,,,,
NOXO1|124056,1,NOXO1|124056,NADPH oxidase organizer 1,DOWN,294.4013126,23,23,0.001646266,266,401,254,-0.011455919,-0.149182927,,,,,,,,,,,,
S1PR4|8698,1,S1PR4|8698,sphingosine-1-phosphate receptor 4,DOWN,294.5006299,28,28,0.001460721,222,349,355,-0.507229024,-0.22769177,,,,,,,,,,,,
SORBS2|8470,1,SORBS2|8470,sorbin and SH3 domain containing 2,DOWN,294.729564,32,32,0.001460693,222,349,356,-0.49661298,-0.238577111,,,,,,,,,,,,
RPS6KA1|6195,1,RPS6KA1|6195,ribosomal protein S6 kinase A1,DOWN,295.8604064,31,31,0.00145709,222,349,361,-0.160435487,-0.192388324,,,,,,,,,,,,
EYA4|2070,1,EYA4|2070,EYA transcriptional coactivator and phosphatase 4,UP,297.0497633,23,23,0.001629617,266,401,260,1.228983868,0.190634575,,,,,,,,,,,,
ENPP3|5169,1,ENPP3|5169,ectonucleotide pyrophosphatase/phosphodiesterase 3,DOWN,297.483831,18,18,0.00162888,266,401,261,-0.037862597,-0.242252594,,,,,,,,,,,,
ANKRD44|91526,1,ANKRD44|91526,ankyrin repeat domain 44,DOWN,297.9158411,15,15,0.001628376,266,401,262,-0.584378137,-0.158274203,,,,,,,,,,,,
STAU1|6780,1,STAU1|6780,staufen double-stranded RNA binding protein 1,UP,298.7737468,24,24,0.001625454,266,401,264,0.171626685,0.214320271,,,,,,,,,,,,
HEXIM2|124790,1,HEXIM2|124790,HEXIM P-TEFb complex subunit 2,,299.1996712,23,23,0.001625279,266,401,265,-0.077957071,-0.129327259,,,,,,,,,,,,
4790,2,SLC25A21|89874,solute carrier family 25 member 21,DOWN,301.2871364,5,88,0.00144197,419,207,365,-0.384273116,-0.149754072,,,,,,,,,,,,
LEPROTL1|23484,1,LEPROTL1|23484,leptin receptor overlapping transcript like 1,DOWN,301.2995718,23,23,0.001617817,266,401,270,-0.180446761,-0.204536903,,,,,,,,,,,,
ARHGAP11A|9824,1,ARHGAP11A|9824,Rho GTPase activating protein 11A,UP,302.194574,27,27,0.001393971,222,349,391,0.284282466,0.223881901,,,,,,,,,,,,
C2orf54|79919,1,C2orf54|79919,mab-21 like 4,DOWN,302.5362294,16,16,0.001612765,266,401,273,-0.438599835,-0.133069935,,,,,,,,,,,,
7930,7,BCL2L15|440603,BCL2 like 15,DOWN,303.8882657,7,88,0.001165108,356,207,448,-1.033441018,-0.192065796,,,,,,,,,,,,
IGF1|3479,1,IGF1|3479,insulin like growth factor 1,DOWN,304.1586892,22,22,0.001609638,266,401,277,0.069063829,-0.239369994,,,,,,,,,,,,
GNB3|2784,1,GNB3|2784,G protein subunit beta 3,UP,304.559673,16,16,0.001608107,266,401,278,0.380000203,0.172653604,,,,,,,,,,,,
7415,12,TUBA4B|80086,tubulin alpha 4b,DOWN,305.1739783,0,111,0.000870446,419,182,513,-1.202881867,-0.130832393,,,,,,,,,,,,
7415,12,CCDC17|149483,coiled-coil domain containing 17,DOWN,306.790076,0,111,0.00083391,419,182,527,-0.728845101,-0.070573295,,,,,,,,,,,,
TIRAP|114609,1,TIRAP|114609,TIR domain containing adaptor protein,DOWN,307.3160894,15,15,0.001599341,266,401,285,-0.058158692,-0.197683169,,,,,,,,,,,,
3471,3,SRPR|6734,SRP receptor subunit alpha,,308.4710371,21,21,0.001595504,266,401,288,0.03500527,-0.123837553,,,,,,,,,,,,
CXCR5|643,1,CXCR5|643,C-X-C motif chemokine receptor 5,DOWN,308.8525894,25,25,0.001593486,266,401,289,-1.056686008,-0.207963769,,,,,,,,,,,,
7415,12,DCDC2B|149069,doublecortin domain containing 2B,DOWN,309.194391,0,111,0.000791242,419,182,549,-1.973743204,-0.120007526,,,,,,,,,,,,
ARSD|414,1,ARSD|414,arylsulfatase D,DOWN,309.610617,23,23,0.001590065,266,401,291,-0.269494007,-0.153510187,,,,,,,,,,,,
127,2,P2RY10|27334,P2Y receptor family member 10,DOWN,310.5827056,11,78,0.00134297,356,227,409,-0.914797248,-0.186495458,,,,,,,,,,,,
C20orf4|25980,1,C20orf4|25980,AAR2 splicing factor,UP,311.1066766,21,21,0.00158218,266,401,295,0.153402886,0.206861796,,,,,,,,,,,,
7415,12,TMEM190|147744,transmembrane protein 190,DOWN,311.3478086,0,111,0.000723808,419,182,570,-1.820982407,-0.105581089,,,,,,,,,,,,
C1orf186|440712,1,C1orf186|440712,regulator of hemoglobinization and erythroid cell expansion,DOWN,311.8448838,25,25,0.001581276,266,401,297,-0.157315303,-0.206270494,,,,,,,,,,,,
XPO5|57510,1,XPO5|57510,exportin 5,UP,312.2115692,18,18,0.001581185,266,401,298,0.235158536,0.219682309,,,,,,,,,,,,
DAK|26007,1,DAK|26007,triokinase and FMN cyclase,DOWN,312.5766566,16,16,0.001581085,266,401,299,-0.119796304,-0.196997796,,,,,,,,,,,,
5157,6,FUT6|2528,fucosyltransferase 6,DOWN,312.6882498,25,35,0.001372388,266,301,398,-0.289009324,-0.17721604,,,,,,,,,,,,
5157,6,CXCL17|284340,C-X-C motif chemokine ligand 17,DOWN,313.0982253,17,35,0.001366149,266,301,400,-0.724965234,-0.196117562,,,,,,,,,,,,
1225,2,CCDC152|100129792,coiled-coil domain containing 152,UP,313.6624343,23,23,0.001575557,266,401,302,0.598116279,0.038266677,,,,,,,,,,,,
GZMH|2999,1,GZMH|2999,granzyme H,DOWN,314.7341995,24,24,0.001571279,266,401,305,-0.425202782,-0.187039725,,,,,,,,,,,,
7415,12,TTLL10|254173,tubulin tyrosine ligase like 10,DOWN,314.9316271,0,111,0.000654676,419,182,608,-0.626646377,-0.106548675,,,,,,,,,,,,
7415,12,TCTEX1D4|343521,Tctex1 domain containing 4,DOWN,315.0209398,0,111,0.000646415,419,182,609,-0.380446576,-0.121311079,,,,,,,,,,,,
6256,3,BET1|10282,Bet1 golgi vesicular membrane trafficking protein,,315.0883875,19,19,0.001571159,266,401,306,0.083846145,0.10022577,,,,,,,,,,,,
PAM|5066,1,PAM|5066,MYC binding protein 2,DOWN,316.1418875,21,21,0.001568764,266,401,309,-0.284021557,-0.216322636,,,,,,,,,,,,
MYBPC2|4606,1,MYBPC2|4606,myosin binding protein C%2C fast type,DOWN,316.490065,21,21,0.001568224,266,401,310,-1.644531882,-0.226106004,,,,,,,,,,,,
LPXN|9404,1,LPXN|9404,leupaxin,DOWN,317.1819932,23,23,0.001566343,266,401,312,-0.440982276,-0.23170322,,,,,,,,,,,,
7415,12,APOBEC4|403314,apolipoprotein B mRNA editing enzyme catalytic polypeptide like 4,DOWN,317.7561251,0,111,0.000475663,419,182,641,-1.957012537,-0.140494813,,,,,,,,,,,,
LYN|4067,1,LYN|4067,LYN proto-oncogene%2C Src family tyrosine kinase,DOWN,318.5484032,23,23,0.001558893,266,401,316,-0.343587133,-0.084462184,,,,,,,,,,,,
EEF2|1938,1,EEF2|1938,eukaryotic translation elongation factor 2,DOWN,318.8864243,21,21,0.001553445,266,401,317,-0.199360271,-0.23684352,,,,,,,,,,,,
LRFN1|57622,1,LRFN1|57622,leucine rich repeat and fibronectin type III domain containing 1,UP,320.2244516,23,23,0.001545415,266,401,321,0.727976762,0.199712412,,,,,,,,,,,,
XKRX|402415,1,XKRX|402415,XK related X-linked,DOWN,320.8851531,16,16,0.00154418,266,401,323,-0.782679129,-0.159140999,,,,,,,,,,,,
C1orf52|148423,1,C1orf52|148423,chromosome 1 open reading frame 52,UP,321.2134559,16,16,0.001540673,266,401,324,0.191097017,0.227342364,,,,,,,,,,,,
12383,4,EPM2AIP1|9852,EPM2A interacting protein 1,,322.2750607,4,71,0.001466242,419,246,350,-0.005576482,0.029766704,,,,,,,,,,,,
7930,7,SLC6A20|54716,solute carrier family 6 member 20,DOWN,322.3991521,0,88,0.000995223,419,207,479,-0.641463018,-0.190621136,,,,,,,,,,,,
10547,4,IGF2BP3|10643,insulin like growth factor 2 mRNA binding protein 3,UP,322.5132097,19,19,0.001524147,266,401,328,0.459174562,0.211148739,,,,,,,,,,,,
PTPRCAP|5790,1,PTPRCAP|5790,protein tyrosine phosphatase receptor type C associated protein,DOWN,323.4741253,23,23,0.001513667,266,401,331,-0.425732335,-0.220381121,,,,,,,,,,,,
7652,3,TMEM199|147007,transmembrane protein 199,UP,325.4111746,4,79,0.001335501,419,227,412,0.185556725,0.202736118,,,,,,,,,,,,
MARCKS|4082,1,MARCKS|4082,myristoylated alanine rich protein kinase C substrate,UP,326.8992054,18,18,0.001490621,266,401,342,0.185029954,0.174205773,,,,,,,,,,,,
KCNMA1|3778,1,KCNMA1|3778,potassium calcium-activated channel subfamily M alpha 1,DOWN,327.1825068,11,11,0.001699864,356,564,218,-0.58971767,-0.206492232,,,,,,,,,,,,
SLC18A2|6571,1,SLC18A2|6571,solute carrier family 18 member A2,DOWN,327.5058819,17,17,0.001487276,266,401,344,-0.400207468,-0.230460141,,,,,,,,,,,,
2247,2,EZH1|2145,enhancer of zeste 1 polycomb repressive complex 2 subunit,DOWN,327.5359366,0,93,0.00086739,419,207,515,-0.207831863,-0.067085954,,,,,,,,,,,,
C19orf44|84167,1,C19orf44|84167,chromosome 19 open reading frame 44,UP,327.931627,12,12,0.001695461,356,564,219,0.222413062,0.051980863,,,,,,,,,,,,
ALDH2|217,1,ALDH2|217,aldehyde dehydrogenase 2 family member,DOWN,328.4069207,21,21,0.001472557,266,401,347,-0.596223709,-0.262148578,,,,,,,,,,,,
5609,2,PSRC1|84722,proline and serine rich coiled-coil 1,UP,328.7049017,16,18,0.001471075,266,401,348,0.784117058,0.205343224,,,,,,,,,,,,
5229,3,GCHFR|2644,GTP cyclohydrolase I feedback regulator,DOWN,329.0017116,21,21,0.001467453,266,401,349,-0.016259806,-0.193389507,,,,,,,,,,,,
MFHAS1|9258,1,MFHAS1|9258,malignant fibrous histiocytoma amplified sequence 1,DOWN,329.8851838,19,19,0.001462667,266,401,352,-0.26408869,-0.177753588,,,,,,,,,,,,
8898,4,C7orf42|55069,transmembrane protein 248,,330.1585684,10,10,0.001690794,356,564,222,0.102096224,0.140555287,,,,,,,,,,,,
SNX20|124460,1,SNX20|124460,sorting nexin 20,DOWN,331.9068933,21,21,0.001459458,266,401,359,-0.659035415,-0.258923292,,,,,,,,,,,,
TCF25|22980,1,TCF25|22980,transcription factor 25,DOWN,332.7567391,18,18,0.001451882,266,401,362,-0.19716586,-0.223055421,,,,,,,,,,,,
TMEFF1|8577,1,TMEFF1|8577,transmembrane protein with EGF like and two follistatin like domains 1,UP,333.037854,20,20,0.001445837,266,401,363,0.323103864,0.206351126,,,,,,,,,,,,
GZMM|3004,1,GZMM|3004,granzyme M,DOWN,334.1516439,17,17,0.001439649,266,401,367,-0.341224853,-0.201620706,,,,,,,,,,,,
HMGB2|3148,1,HMGB2|3148,high mobility group box 2,UP,334.4274541,23,23,0.00143802,266,401,368,0.311895622,0.23303365,,,,,,,,,,,,
C17orf96|100170841,1,C17orf96|100170841,elongin BC and polycomb repressive complex 2 associated protein,UP,334.5226236,10,10,0.001685214,356,564,228,0.396786364,0.171907757,,,,,,,,,,,,
7930,7,CFTR|1080,CF transmembrane conductance regulator,DOWN,334.604665,0,88,0.000723114,419,207,572,-0.345270913,-0.17094689,,,,,,,,,,,,
SYTL3|94120,1,SYTL3|94120,synaptotagmin like 3,DOWN,334.7022214,16,16,0.001437085,266,401,369,-0.313511858,-0.224009568,,,,,,,,,,,,
COL4A3BP|10087,1,COL4A3BP|10087,ceramide transporter 1,DOWN,335.2486509,20,20,0.001436155,266,401,371,-0.217335818,-0.235634038,,,,,,,,,,,,
CHAF1A|10036,1,CHAF1A|10036,chromatin assembly factor 1 subunit A,UP,335.7909789,20,20,0.001432961,266,401,373,0.131225951,0.1889413,,,,,,,,,,,,
1267,2,SLMO2|51012,PRELI domain containing 3B,UP,336.3386778,0,85,0.001065946,419,227,470,0.242561629,0.199430199,,,,,,,,,,,,
474,2,C12orf74|338809,chromosome 12 open reading frame 74,DOWN,336.3865754,7,62,0.001190984,356,261,439,-0.714735763,-0.235768424,,,,,,,,,,,,
1239,2,KDELR3|11015,KDEL endoplasmic reticulum protein retention receptor 3,,336.4984532,0,91,0.000698973,419,207,589,0.089015544,0.036526367,,,,,,,,,,,,
TLR3|7098,1,TLR3|7098,toll like receptor 3,DOWN,336.5968813,16,16,0.001431293,266,401,376,-0.520511093,-0.244947052,,,,,,,,,,,,
7930,7,DMBT1|1755,deleted in malignant brain tumors 1,DOWN,337.038722,0,88,0.000686972,419,207,594,-1.524217282,-0.148934312,,,,,,,,,,,,
DHX35|60625,1,DHX35|60625,DEAH-box helicase 35,UP,337.1291556,22,22,0.001428293,266,401,378,0.202181862,0.243979466,,,,,,,,,,,,
681,26,GRB7|2886,growth factor receptor bound protein 7,UP,337.6574865,16,16,0.001417393,266,401,380,1.422754315,0.104754609,,,,,,,,,,,,
7652,3,POLDIP2|26073,DNA polymerase delta interacting protein 2,UP,337.6868143,0,79,0.001010143,419,227,478,0.179278001,0.116822556,,,,,,,,,,,,
NKAIN1|79570,1,NKAIN1|79570,sodium/potassium transporting ATPase interacting 1,UP,337.9201869,15,15,0.001417368,266,401,381,1.086325569,0.187207708,,,,,,,,,,,,
ZFP64|55734,1,ZFP64|55734,ZFP64 zinc finger protein,UP,338.1819178,21,21,0.001416835,266,401,382,0.190573849,0.235237596,,,,,,,,,,,,
189,3,SPN|6693,protein phosphatase 1 regulatory subunit 9B,DOWN,338.7024923,16,20,0.001412256,266,401,384,-0.621362897,-0.227758964,,,,,,,,,,,,
CTSB|1508,1,CTSB|1508,cathepsin B,DOWN,339.7322403,15,15,0.001403541,266,401,388,-0.067296025,-0.168091168,,,,,,,,,,,,
RNF144B|255488,1,RNF144B|255488,ring finger protein 144B,DOWN,339.9873323,16,16,0.001401453,266,401,389,-0.07385623,-0.16303822,,,,,,,,,,,,
83,2,C5orf20|140947,dendritic cell associated nuclear protein,DOWN,340.1584253,7,35,0.00143357,356,301,372,-0.681528463,-0.216255443,,,,,,,,,,,,
PSMD3|5709,1,PSMD3|5709,proteasome 26S subunit%2C non-ATPase 3,UP,340.9984734,20,20,0.001392184,266,401,393,0.444526802,0.226804816,,,,,,,,,,,,
7930,7,MS4A8B|83661,membrane spanning 4-domains A8,DOWN,341.967532,0,88,0.000442169,419,207,643,-1.495344673,-0.160337042,,,,,,,,,,,,
LARP4B|23185,1,LARP4B|23185,La ribonucleoprotein 4B,,343.4634575,21,21,0.001361119,266,401,403,-0.028135446,-0.059042896,,,,,,,,,,,,
CFLAR|8837,1,CFLAR|8837,CASP8 and FADD like apoptosis regulator,DOWN,343.9459821,21,21,0.001352797,266,401,405,-0.327058097,-0.091678761,,,,,,,,,,,,
4292,2,C8orf58|541565,chromosome 8 open reading frame 58,,344.066322,0,67,0.001189619,419,246,441,-0.091201813,-0.116325324,,,,,,,,,,,,
1016,2,SERPINB1|1992,serpin family B member 1,DOWN,344.1859654,15,15,0.001351519,266,401,406,-0.484676398,-0.14658926,,,,,,,,,,,,
SPC24|147841,1,SPC24|147841,SPC24 component of NDC80 kinetochore complex,UP,344.6633967,20,20,0.001347747,266,401,408,0.498742188,0.265064774,,,,,,,,,,,,
2767,3,FAM81B|153643,family with sequence similarity 81 member B,DOWN,345.8423916,19,19,0.001310244,266,401,413,-1.404097045,-0.193221523,,,,,,,,,,,,
ERBB2|2064,1,ERBB2|2064,erb-b2 receptor tyrosine kinase 2,UP,346.3082476,16,16,0.001306395,266,401,415,1.513843136,0.059587163,,,,,,,,,,,,
HKDC1|80201,1,HKDC1|80201,hexokinase domain containing 1,DOWN,348.1397043,16,16,0.001270928,266,401,423,-0.932292544,-0.218593775,,,,,,,,,,,,
4538,3,C20orf27|54976,chromosome 20 open reading frame 27,UP,349.1071836,2,65,0.001273043,419,261,421,0.185390112,0.191770145,,,,,,,,,,,,
4538,3,IDH3B|3420,isocitrate dehydrogenase (NAD(+)) 3 non-catalytic subunit beta,UP,352.458911,0,65,0.001206795,419,261,436,0.163085438,0.185050798,,,,,,,,,,,,
4008,2,CENPO|79172,centromere protein O,UP,356.4700341,2,55,0.001142362,419,261,455,0.276420049,0.276669086,,,,,,,,,,,,
12383,4,ZNF311|282890,zinc finger protein 311,UP,357.9022308,0,71,0.000856861,419,246,518,0.298533332,0.124879052,,,,,,,,,,,,
12383,4,C2orf74|339804,chromosome 2 open reading frame 74,,360.084631,0,71,0.000828313,419,246,532,-0.042794702,0.021165941,,,,,,,,,,,,
1353,4,ATAD2|29028,ATPase family AAA domain containing 2,UP,361.6849303,5,50,0.001254081,419,280,428,0.2900857,0.24743321,,,,,,,,,,,,
9126,2,NPM2|10361,nucleophosmin/nucleoplasmin 2,DOWN,364.4742158,0,73,0.000755569,419,246,562,-0.224451794,-0.082594205,,,,,,,,,,,,
GTPBP4|23560,1,GTPBP4|23560,GTP binding protein 4,UP,367.9416385,10,10,0.00160518,356,564,280,0.164775671,0.155310971,,,,,,,,,,,,
1172,2,USP1|7398,ubiquitin specific peptidase 1,UP,369.0882353,10,10,0.001603288,356,564,282,0.067708334,0.160229533,,,,,,,,,,,,
2624,2,C10orf140|387640,SKI/DACH domain containing 1,UP,369.7887459,5,40,0.001290616,419,301,416,0.616656884,0.185366608,,,,,,,,,,,,
1353,4,MTBP|27085,MDM2 binding protein,UP,371.2317349,2,50,0.001063911,419,280,471,0.420681805,0.27642047,,,,,,,,,,,,
5104,2,CNOT2|4848,CCR4-NOT transcription complex subunit 2,UP,371.2626783,8,23,0.001458749,356,401,360,0.535326622,0.153631135,,,,,,,,,,,,
SUN1|23353,1,SUN1|23353,Sad1 and UNC84 domain containing 1,UP,371.3541422,13,13,0.001598963,356,564,286,0.189242623,0.186804548,,,,,,,,,,,,
596,2,CARD16|114769,caspase recruitment domain family member 16,DOWN,375.4419073,0,49,0.000943743,419,280,492,-0.197517358,-0.071601355,,,,,,,,,,,,
1306,2,DHX16|8449,DEAH-box helicase 16,UP,376.3483895,0,39,0.001184002,419,301,442,0.159476484,0.192132989,,,,,,,,,,,,
1353,4,DSCC1|79075,DNA replication and sister chromatid cohesion 1,UP,377.1653345,0,50,0.00090232,419,280,501,0.414529489,0.24743321,,,,,,,,,,,,
4808,2,PTCD2|79810,pentatricopeptide repeat domain 2,,377.3539676,0,47,0.000896226,419,280,502,-0.042852218,-0.011832769,,,,,,,,,,,,
9586,7,FLT3|2322,fms related tyrosine kinase 3,DOWN,378.7265097,0,41,0.001150317,419,301,452,-0.080692059,-0.186206526,,,,,,,,,,,,
1154,2,C4orf21|55345,zinc finger GRF-type containing 1,UP,379.9369043,0,47,0.000865868,419,280,516,0.235298159,0.19264366,,,,,,,,,,,,
5157,6,FUT3|2525,fucosyltransferase 3 (Lewis blood group),DOWN,382.377685,0,35,0.001070778,419,301,468,-0.370113393,-0.13558297,,,,,,,,,,,,
7970,14,MORN5|254956,MORN repeat containing 5,DOWN,383.2393159,12,19,0.001378978,356,401,396,-0.925243203,-0.200525453,,,,,,,,,,,,
RACGAP1|29127,1,RACGAP1|29127,Rac GTPase activating protein 1,UP,384.7400555,10,10,0.001566879,356,564,311,0.308090352,0.275520077,,,,,,,,,,,,
PDCD1|5133,1,PDCD1|5133,programmed cell death 1,DOWN,385.7565024,14,14,0.001564613,356,564,313,-0.442702439,-0.182228673,,,,,,,,,,,,
FKBP9|11328,1,FKBP9|11328,FKBP prolyl isomerase 9,UP,386.2618612,10,10,0.001563334,356,564,314,0.25106434,0.188571736,,,,,,,,,,,,
9586,7,ZNF831|128611,zinc finger protein 831,DOWN,388.3483576,0,41,0.000937552,419,301,496,-0.706196707,-0.205457453,,,,,,,,,,,,
7961,4,SPRY4|81848,sprouty RTK signaling antagonist 4,,389.1608845,0,41,0.000908564,419,301,500,0.126715469,0.081075633,,,,,,,,,,,,
R3HCC1|203069,1,R3HCC1|203069,R3H domain and coiled-coil containing 1,DOWN,389.2545801,12,12,0.001547883,356,564,320,-0.128695162,-0.180374133,,,,,,,,,,,,
7961,4,DUSP6|1848,dual specificity phosphatase 6,,391.5417082,0,41,0.000871562,419,301,512,-0.035864238,-0.012309842,,,,,,,,,,,,
10056,2,EPHB2|2048,EPH receptor B2,UP,392.1813127,11,11,0.001532077,356,564,326,0.350026642,0.170617642,,,,,,,,,,,,
ARFGAP1|55738,1,ARFGAP1|55738,ADP ribosylation factor GTPase activating protein 3,UP,392.6628391,14,14,0.001531067,356,564,327,0.280099932,0.184036177,,,,,,,,,,,,
9586,7,KIAA0748|9840,thymocyte expressed%2C positive selection associated 1,DOWN,393.0832596,0,41,0.000850265,419,301,520,-0.68307752,-0.209764554,,,,,,,,,,,,
STX18|53407,1,STX18|53407,syntaxin 18,DOWN,395.0442176,10,10,0.001512266,356,564,332,-0.247653198,-0.213265334,,,,,,,,,,,,
CYP7B1|9420,1,CYP7B1|9420,cytochrome P450 family 7 subfamily B member 1,DOWN,395.5153093,11,11,0.001509896,356,564,333,-0.498003596,-0.155814922,,,,,,,,,,,,
9586,7,STAT4|6775,signal transducer and activator of transcription 4,DOWN,395.697285,0,41,0.000827675,419,301,534,-0.514224745,-0.179863463,,,,,,,,,,,,
5887,2,SDF2|6388,stromal cell derived factor 2,UP,395.9846948,11,11,0.001507646,356,564,334,0.196641154,0.183861474,,,,,,,,,,,,
7961,4,ETV4|2118,ETS variant transcription factor 4,,396.4252988,0,41,0.000808321,419,301,538,0.108553364,0.08059184,,,,,,,,,,,,
4274,2,PPP5C|5536,protein phosphatase 5 catalytic subunit,UP,396.9659723,0,45,0.000801556,419,301,541,0.100281927,0.158697522,,,,,,,,,,,,
7970,14,ZBBX|79740,zinc finger B-box domain containing,DOWN,397.0876742,7,19,0.001177781,356,401,444,-1.583535281,-0.186838144,,,,,,,,,,,,
GARS|2617,1,GARS|2617,phosphoribosylglycinamide formyltransferase%2C phosphoribosylglycinamide synthetase%2C phosphoribosylaminoimidazole synthetase,UP,397.8453602,13,13,0.00149963,356,564,338,0.18106419,0.202890663,,,,,,,,,,,,
SYTL1|84958,1,SYTL1|84958,synaptotagmin like 1,DOWN,398.3063527,10,10,0.001498451,356,564,339,-0.262294555,-0.140246197,,,,,,,,,,,,
5157,6,MUC20|200958,mucin 20%2C cell surface associated,,399.4303706,0,35,0.000777969,419,301,555,0.02923846,-0.080551524,,,,,,,,,,,,
MAP4K1|11184,1,MAP4K1|11184,mitogen-activated protein kinase kinase kinase kinase 1,DOWN,401.0379325,11,11,0.001482879,356,564,345,-0.376706445,-0.185144869,,,,,,,,,,,,
ARMC4|55130,1,ARMC4|55130,armadillo repeat containing 4,DOWN,401.4875478,13,13,0.001482105,356,564,346,-0.998819266,-0.231918239,,,,,,,,,,,,
5157,6,MUC4|4585,mucin 4%2C cell surface associated,DOWN,402.6275874,0,35,0.000719505,419,301,574,-0.697954719,-0.103612321,,,,,,,,,,,,
5157,6,GPR110|266977,adhesion G protein-coupled receptor F1,,402.9547277,0,35,0.000718013,419,301,576,-0.073114981,-0.090717895,,,,,,,,,,,,
189,3,CCR5|1234,C-C motif chemokine receptor 5 (gene/pseudogene),DOWN,402.9819052,3,20,0.001400205,419,401,390,-0.558943651,-0.199450357,,,,,,,,,,,,
CD6|923,1,CD6|923,CD6 molecule,DOWN,403.7119289,11,11,0.001462823,356,564,351,-0.392637162,-0.198408859,,,,,,,,,,,,
2976,2,TUBB|203068,tubulin beta class I,UP,406.3301438,13,13,0.001460622,356,564,357,0.294747557,0.244476697,,,,,,,,,,,,
TXNDC3|51314,1,TXNDC3|51314,NME/NM23 family member 8,DOWN,409.3165268,10,10,0.00144208,356,564,364,-0.804682272,-0.185521153,,,,,,,,,,,,
9586,7,IL12B|3593,interleukin 12B,DOWN,409.8808647,0,41,0.000608288,419,301,621,-0.402700617,-0.057504166,,,,,,,,,,,,
WDR62|284403,1,WDR62|284403,WD repeat domain 62,UP,410.1566351,10,10,0.001440035,356,564,366,0.299381509,0.235203999,,,,,,,,,,,,
ALCAM|214,1,ALCAM|214,activated leukocyte cell adhesion molecule,DOWN,411.8197138,10,10,0.001436508,356,564,370,-0.326828594,-0.197898188,,,,,,,,,,,,
1233,4,FUT2|2524,fucosyltransferase 2,DOWN,412.0674262,0,30,0.000943029,419,349,493,-0.467301389,-0.154558405,,,,,,,,,,,,
1233,4,PDZK1IP1|10158,PDZK1 interacting protein 1,DOWN,412.2999602,0,30,0.000942857,419,349,494,-0.402128887,-0.143874644,,,,,,,,,,,,
FZD7|8324,1,FZD7|8324,frizzled class receptor 7,UP,413.4603277,12,12,0.001432429,356,564,374,0.359834433,0.178492716,,,,,,,,,,,,
FANCD2|2177,1,FANCD2|2177,FA complementation group D2,UP,413.8670243,10,10,0.001431993,356,564,375,0.371536054,0.24557867,,,,,,,,,,,,
10547,4,IGF2BP2|10644,insulin like growth factor 2 mRNA binding protein 2,UP,414.4281218,0,19,0.001268673,419,401,424,0.212573949,0.142544213,,,,,,,,,,,,
13289,9,SIKE1|80143,suppressor of IKBKE 1,UP,415.4801916,11,11,0.001422573,356,564,379,0.153084805,0.216053862,,,,,,,,,,,,
1233,4,LCN2|3934,lipocalin 2,DOWN,416.1515912,0,30,0.000873315,419,349,511,-0.639078465,-0.141831963,,,,,,,,,,,,
ADRA2B|151,1,ADRA2B|151,adrenoceptor alpha 2B,UP,417.0718945,11,11,0.001415851,356,564,383,0.635320444,0.184036177,,,,,,,,,,,,
TNFRSF10A|8797,1,TNFRSF10A|8797,TNF receptor superfamily member 10a,DOWN,417.8598302,11,11,0.001405503,356,564,385,-0.45457412,-0.136039886,,,,,,,,,,,,
HPS6|79803,1,HPS6|79803,HPS6 biogenesis of lysosomal organelles complex 2 subunit 3,DOWN,418.251842,12,12,0.001404137,356,564,386,-0.147047925,-0.210503682,,,,,,,,,,,,
1225,2,SEPP1|6414,selenoprotein P,UP,418.4841695,0,23,0.001197238,419,401,437,0.211234326,-0.058579261,,,,,,,,,,,,
FBXO18|84893,1,FBXO18|84893,F-box DNA helicase 1,,418.6425585,10,10,0.001403634,356,564,387,0.018931127,-0.002889319,,,,,,,,,,,,
SLFN12L|342615,1,SLFN12L|342615,schlafen family member 12 like,DOWN,420.5769329,13,13,0.001393177,356,564,392,-0.55738792,-0.082298554,,,,,,,,,,,,
4607,2,WWP2|11060,WW domain containing E3 ubiquitin protein ligase 2,DOWN,421.2818541,0,31,0.000825347,419,349,535,-0.182841657,-0.150768693,,,,,,,,,,,,
NUSAP1|51203,1,NUSAP1|51203,nucleolar and spindle associated protein 1,UP,421.3418362,11,11,0.001389683,356,564,394,0.307404158,0.249301188,,,,,,,,,,,,
HOXD13|3239,1,HOXD13|3239,homeobox D13,UP,421.7224168,12,12,0.001382324,356,564,395,0.596951029,0.247312261,,,,,,,,,,,,
189,3,ITGAL|3683,integrin subunit alpha L,DOWN,422.085071,2,20,0.001163294,419,401,449,-0.627595337,-0.236171585,,,,,,,,,,,,
DLL3|10683,1,DLL3|10683,delta like canonical Notch ligand 3,UP,422.4798666,13,13,0.001373061,356,564,397,-0.030143641,0.161479331,,,,,,,,,,,,
CNR2|1269,1,CNR2|1269,protocadherin alpha 6,DOWN,423.2324078,13,13,0.001369006,356,564,399,-1.434237314,-0.162507391,,,,,,,,,,,,
5609,2,STMN1|3925,stathmin 1,UP,423.2561805,2,18,0.001149428,419,401,453,0.25911533,0.176389561,,,,,,,,,,,,
12222,7,PSMB10|5699,proteasome 20S subunit beta 10,DOWN,424.3521198,8,11,0.001363576,356,564,402,-0.06702362,-0.1712627,,,,,,,,,,,,
FAM32A|26017,1,FAM32A|26017,family with sequence similarity 32 member A,UP,425.0925962,11,11,0.001353901,356,564,404,0.210642028,0.159275386,,,,,,,,,,,,
3471,3,STT3A|3703,STT3 oligosaccharyltransferase complex catalytic subunit A,,425.556191,0,21,0.001097206,419,401,461,-0.025240825,-0.058659894,,,,,,,,,,,,
14743,5,FAM24B|196792,family with sequence similarity 24 member B,UP,425.8895985,0,26,0.000763658,419,349,558,0.175044621,0.14432484,,,,,,,,,,,,
7872,9,PNPLA1|285848,patatin like phospholipase domain containing 1,UP,426.0835194,0,32,0.000759451,419,349,559,0.086014181,0.160229533,,,,,,,,,,,,
TNFRSF10B|8795,1,TNFRSF10B|8795,TNF receptor superfamily member 10b,DOWN,426.1944286,11,11,0.001349404,356,564,407,-0.247839413,-0.151910982,,,,,,,,,,,,
7872,9,ALOXE3|59344,arachidonate lipoxygenase 3,,426.2769234,0,32,0.000759378,419,349,560,0.117446854,0.075565769,,,,,,,,,,,,
7970,14,FRMPD2|143162,FERM and PDZ domain containing 2,DOWN,426.4045112,3,19,0.001094096,419,401,464,-0.811832964,-0.200774069,,,,,,,,,,,,
7872,9,THEM5|284486,thioesterase superfamily member 5,,427.2362626,0,32,0.000748802,419,349,565,-0.026685625,-0.063000591,,,,,,,,,,,,
MSL1|339287,1,MSL1|339287,small nuclear ribonucleoprotein polypeptide B2,UP,427.285738,10,10,0.001340816,356,564,410,0.232310349,0.185198624,,,,,,,,,,,,
14743,5,CUZD1|50624,CUB and zona pellucida like domains 1,,427.4266085,0,26,0.000737428,419,349,566,0.121278149,0.108846691,,,,,,,,,,,,
CD27|939,1,CD27|939,CD27 molecule,DOWN,427.6471954,14,14,0.001335505,356,564,411,-0.454415504,-0.207291835,,,,,,,,,,,,
IKZF2|22807,1,IKZF2|22807,IKAROS family zinc finger 2,DOWN,428.724707,10,10,0.001309436,356,564,414,-0.240099655,-0.190318766,,,,,,,,,,,,
117,3,CENPF|1063,centromere protein F,UP,428.9044216,0,17,0.001051591,419,401,473,0.385915927,0.248629253,,,,,,,,,,,,
4584,2,DGCR2|9993,DiGeorge syndrome critical region gene 2,,429.7230392,0,24,0.001026036,419,401,476,-0.132765042,-0.115552599,,,,,,,,,,,,
9920,6,SNRPD1|6632,small nuclear ribonucleoprotein D2 polypeptide,UP,430.1455828,12,12,0.001289906,356,564,418,0.299641435,0.258358867,,,,,,,,,,,,
E2F1|1869,1,E2F1|1869,E2F transcription factor 1,UP,430.4980145,11,11,0.001283854,356,564,419,0.419172784,0.26552169,,,,,,,,,,,,
14743,5,ASMT|438,acetylserotonin O-methyltransferase,,430.5871779,0,26,0.000709119,419,349,583,0.073151125,0.066078052,,,,,,,,,,,,
RASAL3|64926,1,RASAL3|64926,RAS protein activator like 3,DOWN,430.8493419,11,11,0.001279064,356,564,420,-0.445930553,-0.235875934,,,,,,,,,,,,
681,26,PRRG2|5639,proline rich and Gla domain 2,,431.3388228,0,16,0.000983998,419,401,482,0.004398829,-0.100830511,,,,,,,,,,,,
10547,4,IGF2BP1|10642,insulin like growth factor 2 mRNA binding protein 1,,432.1361754,0,19,0.000954952,419,401,485,0.114563013,0.140226039,,,,,,,,,,,,
681,26,ST14|6768,suppression of tumorigenicity 14,,432.9266235,0,16,0.000951339,419,401,488,-0.103474679,-0.119900016,,,,,,,,,,,,
10547,4,HMGA2|8091,high mobility group AT-hook 2,UP,433.1885873,0,19,0.000949889,419,401,489,0.738595954,0.084744396,,,,,,,,,,,,
117,3,KIF14|9928,kinesin family member 14,UP,433.7102564,0,17,0.000945552,419,401,491,0.411168681,0.248602376,,,,,,,,,,,,
2094,7,CD52|1043,CD52 molecule,DOWN,434.3029994,6,11,0.001239684,356,564,430,-0.6301066,-0.18966027,,,,,,,,,,,,
RP9|6100,1,RP9|6100,RP9 pre-mRNA splicing factor,UP,434.9809837,10,10,0.001235011,356,564,432,0.265634401,0.207587486,,,,,,,,,,,,
5229,3,AKR1A1|10327,aldo-keto reductase family 1 member A1,,437.0293567,0,21,0.000888161,419,401,504,-0.062977868,-0.133258077,,,,,,,,,,,,
8681,10,C9orf169|375791,cysteine rich tail 1,DOWN,437.7780882,0,21,0.000881612,419,401,507,-0.654459125,-0.050354781,,,,,,,,,,,,
7872,9,ALOX12B|242,arachidonate 12-lipoxygenase%2C 12R type,,437.9940287,0,32,0.000587739,419,349,626,-0.016850156,-0.008110251,,,,,,,,,,,,
1016,2,SQRDL|58472,sulfide quinone oxidoreductase,DOWN,438.0262651,0,15,0.000879583,419,401,508,-0.361378078,-0.117386981,,,,,,,,,,,,
14903,7,SLC4A5|57835,solute carrier family 4 member 4,,438.2737466,0,19,0.000877593,419,401,509,0.093969456,0.049561899,,,,,,,,,,,,
7872,9,KRT1|3848,keratin 1,,438.4817759,0,32,0.000565432,419,349,629,-0.016677292,0.005698006,,,,,,,,,,,,
7872,9,SBSN|374897,suprabasin,DOWN,438.6435656,0,32,0.000561697,419,349,630,-0.338842266,0.097336451,,,,,,,,,,,,
7872,9,PLA2G4D|283748,phospholipase A2 group IVD,DOWN,439.6060812,0,32,0.000535325,419,349,636,-0.165492846,-0.007989303,,,,,,,,,,,,
14743,5,C20orf106|200232,family with sequence similarity 209 member A,UP,439.7651433,0,26,0.000529705,419,349,637,0.240304154,0.048352416,,,,,,,,,,,,
7872,9,DSG1|1828,desmoglein 1,DOWN,440.0821168,0,32,0.000512126,419,349,639,-0.210271563,0.096093372,,,,,,,,,,,,
7970,14,RSPH4A|345895,radial spoke head component 4A,DOWN,440.2289162,0,19,0.000858343,419,401,517,-0.611919529,-0.164939795,,,,,,,,,,,,
7970,14,C1orf192|257177,cilia and flagella associated protein 126,DOWN,440.7109564,0,19,0.000853662,419,401,519,-0.585356976,-0.18441246,,,,,,,,,,,,
2767,3,C17orf72|92340,proline rich 29,DOWN,441.9044837,0,19,0.000837959,419,401,524,-0.592045136,-0.105749073,,,,,,,,,,,,
8681,10,KCTD11|147040,potassium channel tetramerization domain containing 11,,442.1412269,0,21,0.000836168,419,401,525,0.029615933,-0.083434124,,,,,,,,,,,,
681,26,LSR|51599,lipolysis stimulated lipoprotein receptor,,442.8475804,0,16,0.000831455,419,401,528,0.106274864,-0.023799925,,,,,,,,,,,,
2767,3,C2orf39|92749,dynein regulatory complex subunit 1,DOWN,443.3152788,0,19,0.000828891,419,401,530,-0.801931767,-0.060413643,,,,,,,,,,,,
6256,3,GATAD1|57798,GATA zinc finger domain containing 1,,445.3888006,0,19,0.000805008,419,401,539,0.050985098,0.022106649,,,,,,,,,,,,
7970,14,VWA3A|146177,von Willebrand factor A domain containing 3A,DOWN,446.0688699,0,19,0.000800712,419,401,542,-0.601393209,-0.140562006,,,,,,,,,,,,
8681,10,GLTP|51228,glycolipid transfer protein,DOWN,446.2943473,0,21,0.000800638,419,401,543,-0.14786173,-0.03978525,,,,,,,,,,,,
3471,3,DPAGT1|1798,dolichyl-phosphate N-acetylglucosaminephosphotransferase 1,,446.5192225,0,21,0.000799602,419,401,544,0.053167712,0.001498414,,,,,,,,,,,,
7970,14,C1orf230|284485,regulatory subunit of type II PKA R-subunit domain containing 1,DOWN,446.967176,0,19,0.000798039,419,401,546,-0.37243421,-0.182967801,,,,,,,,,,,,
8681,10,SLC39A2|29986,solute carrier family 39 member 2,,447.4127497,0,21,0.000792061,419,401,548,0.026461277,8.06E-05,,,,,,,,,,,,
681,26,CRB3|92359,crumbs cell polarity complex component 3,DOWN,447.8559624,0,16,0.00078738,419,401,550,-0.114634136,-0.162473795,,,,,,,,,,,,
7970,14,CCDC135|84229,dynein regulatory complex subunit 7,DOWN,448.5163956,0,19,0.000779055,419,401,553,-0.588327651,-0.172425146,,,,,,,,,,,,
9378,12,TMEM106A|113277,transmembrane protein 106A,DOWN,448.7353796,0,23,0.000778601,419,401,554,-0.146594727,-0.109162501,,,,,,,,,,,,
681,26,C1orf210|149466,chromosome 1 open reading frame 210,,449.1716209,0,16,0.000771916,419,401,556,-0.098494202,-0.116889749,,,,,,,,,,,,
681,26,C1orf172|126695,keratinocyte differentiation factor 1,,449.3888828,0,16,0.000765787,419,401,557,0.028151973,-0.009796807,,,,,,,,,,,,
681,26,SCNN1A|6337,sodium channel epithelial 1 alpha subunit,DOWN,451.7416576,0,16,0.000730846,419,401,568,-0.152248016,-0.129428049,,,,,,,,,,,,
8681,10,NCCRP1|342897,NCCRP1%2C F-box associated domain containing,,452.3717455,0,21,0.000723552,419,401,571,-0.028269817,0.045799065,,,,,,,,,,,,
681,26,CNKSR1|10256,connector enhancer of kinase suppressor of Ras 1,,452.7891042,0,16,0.000720437,419,401,573,0.024237265,-0.027119282,,,,,,,,,,,,
7970,14,KIAA1751|85452,cilia and flagella associated protein 74,DOWN,453.2043223,0,19,0.000718294,419,401,575,-0.437859394,-0.055589152,,,,,,,,,,,,
681,26,PRSS22|64063,serine protease 22,,453.6174163,0,16,0.000717969,419,401,577,-0.06860018,-0.073281191,,,,,,,,,,,,
7970,14,RTDR1|27156,radial spoke head 14 homolog,,453.8231718,0,19,0.000715839,419,401,578,-0.044168626,-0.088910391,,,,,,,,,,,,
9378,12,CD163|9332,CD163 molecule,,454.23311,0,23,0.000711582,419,401,580,-0.100192248,-0.00061818,,,,,,,,,,,,
9378,12,MSR1|4481,macrophage scavenger receptor 1,DOWN,455.0467507,0,23,0.000709113,419,401,584,-0.226260353,0.035552061,,,,,,,,,,,,
14903,7,OLAH|55301,oleoyl-ACP hydrolase,,455.2488734,0,19,0.000708699,419,401,585,-0.120481978,0.100481105,,,,,,,,,,,,
14903,7,ACTL8|81569,actin like 8,,455.4504849,0,19,0.000706756,419,401,586,0.129513028,0.140803903,,,,,,,,,,,,
8681,10,CNFN|84518,cornifelin,DOWN,455.6515872,0,21,0.00070603,419,401,587,-0.411880846,0.011261624,,,,,,,,,,,,
14903,7,MTHFD2|10797,methylenetetrahydrofolate dehydrogenase (NADP+ dependent) 2%2C methenyltetrahydrofolate cyclohydrolase,,455.8521822,0,19,0.000705354,419,401,588,0.061296534,0.055810891,,,,,,,,,,,,
681,26,CHMP4C|92421,charged multivesicular body protein 4C,,456.2518583,0,16,0.000698468,419,401,590,0.019802927,-0.011866366,,,,,,,,,,,,
8681,10,RNF222|643904,ring finger protein 222,DOWN,456.450943,0,21,0.000693638,419,401,591,-0.236532546,0.017275439,,,,,,,,,,,,
5229,3,CIB1|10519,calcium and integrin binding 1,,456.6495281,0,21,0.000692891,419,401,592,-0.003470343,-0.108907166,,,,,,,,,,,,
681,26,ESRP2|80004,epithelial splicing regulatory protein 2,,456.8476155,0,16,0.000687469,419,401,593,0.008377106,0.001599204,,,,,,,,,,,,
8681,10,TMEM79|84283,transmembrane protein 79,,457.6350244,0,21,0.000685042,419,401,597,0.023154956,0.077218728,,,,,,,,,,,,
7970,14,YSK4|80122,mitogen-activated protein kinase kinase kinase 19,DOWN,458.0257904,0,19,0.000680133,419,401,599,-0.968285818,-0.158569854,,,,,,,,,,,,
681,26,SPINT2|10653,serine peptidase inhibitor%2C Kunitz type 2,UP,458.2204452,0,16,0.000679805,419,401,600,0.185445542,-0.030989625,,,,,,,,,,,,
681,26,ELMO3|79767,engulfment and cell motility 3,,458.4146169,0,16,0.00067652,419,401,601,0.031831724,-0.042640972,,,,,,,,,,,,
681,26,RAB25|57111,RAB25%2C member RAS oncogene family,,458.8015182,0,16,0.00067023,419,401,603,-0.07989992,-0.089515132,,,,,,,,,,,,
14903,7,TEX19|400629,testis expressed 19,DOWN,458.9942515,0,19,0.000669764,419,401,604,-0.546780098,0.101018653,,,,,,,,,,,,
9378,12,SIGLEC1|6614,sialic acid binding Ig like lectin 1,,459.1865087,0,23,0.000666208,419,401,605,0.06859784,-0.037467075,,,,,,,,,,,,
9378,12,FCGR2A|2212,Fc fragment of IgG receptor IIa,DOWN,459.3782918,0,23,0.000664712,419,401,606,-0.165169081,0.007848197,,,,,,,,,,,,
5887,2,IFT20|90410,intraflagellar transport 20,UP,459.4636132,0,11,0.001272997,419,564,422,0.269753506,0.150795571,,,,,,,,,,,,
681,26,AP1M2|10053,adaptor related protein complex 1 subunit mu 2,,459.5696025,0,16,0.00066077,419,401,607,0.062115879,-0.05530694,,,,,,,,,,,,
9378,12,MS4A6A|64231,membrane spanning 4-domains A6A,,460.3301556,0,23,0.000633022,419,401,611,-0.13243082,-0.048372574,,,,,,,,,,,,
9378,12,FCGR3A|2214,Fc fragment of IgG receptor IIIb,DOWN,460.7076426,0,23,0.000632213,419,401,613,-0.159590448,0.016932753,,,,,,,,,,,,
681,26,TMEM184A|202915,transmembrane protein 184A,,460.8956946,0,16,0.000624062,419,401,614,-0.020932232,-0.02785841,,,,,,,,,,,,
681,26,ELF3|1999,E74 like ETS transcription factor 3,,461.2704241,0,16,0.000619695,419,401,616,0.03544129,-0.033946138,,,,,,,,,,,,
681,26,PRSS8|5652,serine protease 8,,461.457105,0,16,0.000619254,419,401,617,0.005436997,-0.142920497,,,,,,,,,,,,
9378,12,FOLR2|2350,folate receptor beta,UP,461.6433321,0,23,0.000617285,419,401,618,0.296771459,-0.09272698,,,,,,,,,,,,
681,26,CBLC|23624,Cbl proto-oncogene C,UP,461.8291072,0,16,0.000616197,419,401,619,0.177092508,-0.021676611,,,,,,,,,,,,
9378,12,MS4A7|58475,membrane spanning 4-domains A7,,462.0144319,0,23,0.000609551,419,401,620,0.040977584,-0.034604634,,,,,,,,,,,,
681,26,C20orf151|140893,RBBP8 N-terminal like,UP,462.3837365,0,16,0.00059629,419,401,622,0.179653232,-0.052437779,,,,,,,,,,,,
681,26,OVOL2|58495,ovo like zinc finger 2,,462.5677197,0,16,0.000591309,419,401,623,0.035050283,-0.058915229,,,,,,,,,,,,
6256,3,C7orf23|79161,transmembrane protein 243,,462.751259,0,19,0.000590778,419,401,624,-0.083378464,-0.001343869,,,,,,,,,,,,
681,26,CCDC64B|146439,BICD family like cargo adaptor 2,,462.934356,0,16,0.00059028,419,401,625,-0.101610067,-0.105372789,,,,,,,,,,,,
9378,12,MPP1|4354,membrane palmitoylated protein 1,,463.2992294,0,23,0.000583739,419,401,627,-0.05793421,-0.060460678,,,,,,,,,,,,
681,26,CLDN4|1364,claudin 4,,463.4810089,0,16,0.000583502,419,401,628,0.022101278,-0.052061495,,,,,,,,,,,,
681,26,GRHL2|79977,grainyhead like transcription factor 2,,464.0237381,0,16,0.000558416,419,401,631,0.07628762,0.026178573,,,,,,,,,,,,
12222,7,CYBA|1535,cytochrome b-245 alpha chain,DOWN,464.1209766,3,11,0.001220598,419,564,434,-0.094245065,-0.167419233,,,,,,,,,,,,
9378,12,MS4A4A|51338,membrane spanning 4-domains A4A,,464.2037831,0,23,0.000556017,419,401,632,0.033732212,-0.028194377,,,,,,,,,,,,
681,26,CLDN7|1366,claudin 7,,464.3833984,0,16,0.000551646,419,401,633,-0.078031769,-0.070754717,,,,,,,,,,,,
13289,9,CSDE1|7812,cold shock domain containing E1,,464.5016199,0,11,0.001212174,419,564,435,-0.055203642,-0.026084502,,,,,,,,,,,,
7970,14,C1orf194|127003,chromosome 1 open reading frame 194,DOWN,464.5625855,0,19,0.000547917,419,401,634,-0.685106198,-0.177289953,,,,,,,,,,,,
14903,7,HORMAD1|84072,HORMA domain containing 1,UP,464.7413459,0,19,0.000542557,419,401,635,0.277480545,0.098512337,,,,,,,,,,,,
8681,10,C10orf99|387695,chromosome 10 open reading frame 99,,465.2750821,0,21,0.000516126,419,401,638,-0.074655289,0.00904424,,,,,,,,,,,,
7970,14,C9orf171|389799,cilia and flagella associated protein 77,DOWN,465.6288006,0,19,0.000491177,419,401,640,-0.567521218,-0.089783906,,,,,,,,,,,,
7970,14,C6orf118|168090,chromosome 6 open reading frame 118,DOWN,465.9808484,0,19,0.00044569,419,401,642,-0.154082023,-0.112495296,,,,,,,,,,,,
8898,4,TYW1|55253,tRNA-yW synthesizing protein 1 homolog,UP,466.3880533,0,10,0.001190794,419,564,440,0.10809694,0.196634951,,,,,,,,,,,,
8898,4,VKORC1L1|154807,vitamin K epoxide reductase complex subunit 1 like 1,,467.5066636,1,10,0.001179778,419,564,443,0.046447923,0.127291297,,,,,,,,,,,,
2094,7,KLRB1|3820,killer cell lectin like receptor B1,DOWN,468.6154959,5,11,0.001173325,419,564,446,-0.569260048,-0.217679944,,,,,,,,,,,,
10056,2,LIPG|9388,lipase G%2C endothelial type,UP,471.5255421,0,11,0.001143381,419,564,454,0.159302289,0.038945331,,,,,,,,,,,,
8898,4,CRCP|27297,CGRP receptor component,,473.3105149,0,10,0.001105335,419,564,459,0.120218521,0.129790894,,,,,,,,,,,,
2094,7,CD40LG|959,CD40 ligand,DOWN,474.7202221,4,11,0.001094926,419,564,463,-0.794347974,-0.195398592,,,,,,,,,,,,
13289,9,NRAS|4893,NRAS proto-oncogene%2C GTPase,UP,476.1139871,0,11,0.001072593,419,564,467,0.341527529,0.120041122,,,,,,,,,,,,
13289,9,DR1|1810,down-regulator of transcription 1,,479.5304017,0,11,0.001021917,419,564,477,0.067803136,0.098734075,,,,,,,,,,,,
12222,7,LIME1|54923,Lck interacting transmembrane adaptor 1,UP,481.5349126,0,11,0.000968846,419,564,483,0.228925471,-0.103666075,,,,,,,,,,,,
13289,9,HIAT1|64645,major facilitator superfamily domain containing 14A,,482.5247502,0,11,0.000954622,419,564,486,0.018464101,0.034120841,,,,,,,,,,,,
12222,7,PBX4|80714,PBX homeobox 4,UP,486.4036702,0,11,0.000930509,419,564,498,0.46791577,0.094070849,,,,,,,,,,,,
2094,7,CCR2|729230,C-C motif chemokine receptor 2,DOWN,493.4965148,0,11,0.000848379,419,564,521,-0.63367038,-0.186952373,,,,,,,,,,,,
2976,2,NRM|11270,nurim,UP,496.4484359,0,13,0.000828478,419,564,531,0.338379865,0.195559856,,,,,,,,,,,,
9920,6,TPRKB|51002,TP53 regulating kinase,UP,497.0296598,0,12,0.000828103,419,564,533,0.202731357,0.165893942,,,,,,,,,,,,
13289,9,ZNHIT6|54680,zinc finger HIT-type containing 6,,497.895881,0,11,0.000824346,419,564,536,0.077655989,0.104774768,,,,,,,,,,,,
13289,9,GNAI3|2773,G protein subunit alpha i3,UP,498.1831358,0,11,0.00081006,419,564,537,0.087672922,0.175710907,,,,,,,,,,,,
12222,7,INSL3|3640,insulin like 3,,499.040483,0,11,0.00080347,419,564,540,0.095671899,0.004501962,,,,,,,,,,,,
13289,9,CTTNBP2NL|55917,CTTNBP2 N-terminal like,,501.0155539,0,11,0.000793579,419,564,547,-0.047136271,-0.019808633,,,,,,,,,,,,
9920,6,METTL5|29081,methyltransferase like 5,,502.4049545,0,12,0.000782302,419,564,552,0.132721222,0.126767188,,,,,,,,,,,,
2094,7,CD48|962,CD48 molecule,DOWN,505.400761,0,11,0.000755137,419,564,563,-0.584810173,-0.157783691,,,,,,,,,,,,
13289,9,RBMXL1|494115,RBMX like 1,,506.4699065,0,11,0.000736149,419,564,567,-0.066922687,0.010965973,,,,,,,,,,,,
9920,6,SNRPG|6637,small nuclear ribonucleoprotein polypeptide G,UP,509.6147133,0,12,0.000715233,419,564,579,0.233113949,0.174797076,,,,,,,,,,,,
12222,7,GMIP|51291,GEM interacting protein,,510.3865753,0,11,0.000709703,419,564,582,-0.051824254,-0.117521368,,,,,,,,,,,,
1172,2,DEK|7913,DEK proto-oncogene,UP,513.6672508,0,10,0.000686699,419,564,595,0.155866707,0.120773531,,,,,,,,,,,,
9920,6,MITD1|129531,microtubule interacting and trafficking domain containing 1,,513.9153863,0,12,0.000686434,419,564,596,0.078645815,0.065943665,,,,,,,,,,,,
2094,7,SLAMF7|57823,SLAM family member 7,DOWN,514.4098817,0,11,0.000682215,419,564,598,-0.40557375,-0.112629683,,,,,,,,,,,,
2094,7,LY9|4063,lymphocyte antigen 9,DOWN,517.3280092,0,11,0.000638902,419,564,610,-0.645697337,-0.17074531,,,,,,,,,,,,
12222,7,C10orf125|282969,fucose mutarotase,UP,517.8063758,0,11,0.000632808,419,564,612,0.247151894,0.037104231,,,,,,,,,,,,
9920,6,SNRPA1|6627,small nuclear ribonucleoprotein polypeptide A',UP,518.5197316,0,12,0.000622942,419,564,615,0.153813038,0.1073214,,,,,,,,,,,,
,,,,,,,,,,,,,,,,,,,,,,,,,
,,,,,,,,,,,,,,,,,,,,,,,,,
,,,,,,,,,,,,,,,,,,,,,,,,,
,,,,,,,,,,,,,,,,,,,,,,,,,
,,,,,,,,,,,,,,,,,,,,,,,,,
,,,,,,,,,,,,,,,,,,,,,,,,,
,,,,,,,,,,,,,,,,,,,,,,,,,
,,,,,,,,,,,,,,,,,,,,,,,,,
,,,,,,,,,,,,,,,,,,,,,,,,,
,,,,,,,,,,,,,,,,,,,,,,,,,
,,,,,,,,,,,,,,,,,,,,,,,,,
,,,,,,,,,,,,,,,,,,,,,,,,,
,,,,,,,,,,,,,,,,,,,,,,,,,
,,,,,,,,,,,,,,,,,,,,,,,,,
,,,,,,,,,,,,,,,,,,,,,,,,,
,,,,,,,,,,,,,,,,,,,,,,,,,
,,,,,,,,,,,,,,,,,,,,,,,,,
,,,,,,,,,,,,,,,,,,,,,,,,,
,,,,,,,,,,,,,,,,,,,,,,,,,
,,,,,,,,,,,,,,,,,,,,,,,,,
,,,,,,,,,,,,,,,,,,,,,,,,,
,,,,,,,,,,,,,,,,,,,,,,,,,
,,,,,,,,,,,,,,,,,,,,,,,,,
,,,,,,,,,,,,,,,,,,,,,,,,,
,,,,,,,,,,,,,,,,,,,,,,,,,
,,,,,,,,,,,,,,,,,,,,,,,,,
,,,,,,,,,,,,,,,,,,,,,,,,,
,,,,,,,,,,,,,,,,,,,,,,,,,
,,,,,,,,,,,,,,,,,,,,,,,,,
,,,,,,,,,,,,,,,,,,,,,,,,,
,,,,,,,,,,,,,,,,,,,,,,,,,
,,,,,,,,,,,,,,,,,,,,,,,,,
,,,,,,,,,,,,,,,,,,,,,,,,,
,,,,,,,,,,,,,,,,,,,,,,,,,
,,,,,,,,,,,,,,,,,,,,,,,,,
,,,,,,,,,,,,,,,,,,,,,,,,,
,,,,,,,,,,,,,,,,,,,,,,,,,
,,,,,,,,,,,,,,,,,,,,,,,,,
,,,,,,,,,,,,,,,,,,,,,,,,,
,,,,,,,,,,,,,,,,,,,,,,,,,
,,,,,,,,,,,,,,,,,,,,,,,,,
,,,,,,,,,,,,,,,,,,,,,,,,,
,,,,,,,,,,,,,,,,,,,,,,,,,
,,,,,,,,,,,,,,,,,,,,,,,,,
,,,,,,,,,,,,,,,,,,,,,,,,,
,,,,,,,,,,,,,,,,,,,,,,,,,
,,,,,,,,,,,,,,,,,,,,,,,,,
,,,,,,,,,,,,,,,,,,,,,,,,,
,,,,,,,,,,,,,,,,,,,,,,,,,
,,,,,,,,,,,,,,,,,,,,,,,,,
,,,,,,,,,,,,,,,,,,,,,,,,,
,,,,,,,,,,,,,,,,,,,,,,,,,
,,,,,,,,,,,,,,,,,,,,,,,,,
,,,,,,,,,,,,,,,,,,,,,,,,,
,,,,,,,,,,,,,,,,,,,,,,,,,
,,,,,,,,,,,,,,,,,,,,,,,,,
,,,,,,,,,,,,,,,,,,,,,,,,,
,,,,,,,,,,,,,,,,,,,,,,,,,
,,,,,,,,,,,,,,,,,,,,,,,,,
,,,,,,,,,,,,,,,,,,,,,,,,,
,,,,,,,,,,,,,,,,,,,,,,,,,
,,,,,,,,,,,,,,,,,,,,,,,,,
,,,,,,,,,,,,,,,,,,,,,,,,,
,,,,,,,,,,,,,,,,,,,,,,,,,
,,,,,,,,,,,,,,,,,,,,,,,,,
,,,,,,,,,,,,,,,,,,,,,,,,,
,,,,,,,,,,,,,,,,,,,,,,,,,
,,,,,,,,,,,,,,,,,,,,,,,,,
,,,,,,,,,,,,,,,,,,,,,,,,,
,,,,,,,,,,,,,,,,,,,,,,,,,
,,,,,,,,,,,,,,,,,,,,,,,,,
,,,,,,,,,,,,,,,,,,,,,,,,,
,,,,,,,,,,,,,,,,,,,,,,,,,
,,,,,,,,,,,,,,,,,,,,,,,,,
,,,,,,,,,,,,,,,,,,,,,,,,,
,,,,,,,,,,,,,,,,,,,,,,,,,
,,,,,,,,,,,,,,,,,,,,,,,,,
,,,,,,,,,,,,,,,,,,,,,,,,,
,,,,,,,,,,,,,,,,,,,,,,,,,
,,,,,,,,,,,,,,,,,,,,,,,,,
,,,,,,,,,,,,,,,,,,,,,,,,,
,,,,,,,,,,,,,,,,,,,,,,,,,
,,,,,,,,,,,,,,,,,,,,,,,,,
,,,,,,,,,,,,,,,,,,,,,,,,,
,,,,,,,,,,,,,,,,,,,,,,,,,
,,,,,,,,,,,,,,,,,,,,,,,,,
,,,,,,,,,,,,,,,,,,,,,,,,,
,,,,,,,,,,,,,,,,,,,,,,,,,
,,,,,,,,,,,,,,,,,,,,,,,,,
,,,,,,,,,,,,,,,,,,,,,,,,,
,,,,,,,,,,,,,,,,,,,,,,,,,
,,,,,,,,,,,,,,,,,,,,,,,,,
,,,,,,,,,,,,,,,,,,,,,,,,,
,,,,,,,,,,,,,,,,,,,,,,,,,
,,,,,,,,,,,,,,,,,,,,,,,,,
,,,,,,,,,,,,,,,,,,,,,,,,,
,,,,,,,,,,,,,,,,,,,,,,,,,
,,,,,,,,,,,,,,,,,,,,,,,,,
,,,,,,,,,,,,,,,,,,,,,,,,,
,,,,,,,,,,,,,,,,,,,,,,,,,
,,,,,,,,,,,,,,,,,,,,,,,,,
,,,,,,,,,,,,,,,,,,,,,,,,,
,,,,,,,,,,,,,,,,,,,,,,,,,
,,,,,,,,,,,,,,,,,,,,,,,,,
,,,,,,,,,,,,,,,,,,,,,,,,,
,,,,,,,,,,,,,,,,,,,,,,,,,
,,,,,,,,,,,,,,,,,,,,,,,,,
,,,,,,,,,,,,,,,,,,,,,,,,,
,,,,,,,,,,,,,,,,,,,,,,,,,
,,,,,,,,,,,,,,,,,,,,,,,,,
,,,,,,,,,,,,,,,,,,,,,,,,,
,,,,,,,,,,,,,,,,,,,,,,,,,
,,,,,,,,,,,,,,,,,,,,,,,,,
,,,,,,,,,,,,,,,,,,,,,,,,,
,,,,,,,,,,,,,,,,,,,,,,,,,
,,,,,,,,,,,,,,,,,,,,,,,,,
,,,,,,,,,,,,,,,,,,,,,,,,,
,,,,,,,,,,,,,,,,,,,,,,,,,
,,,,,,,,,,,,,,,,,,,,,,,,,
,,,,,,,,,,,,,,,,,,,,,,,,,
,,,,,,,,,,,,,,,,,,,,,,,,,
,,,,,,,,,,,,,,,,,,,,,,,,,
,,,,,,,,,,,,,,,,,,,,,,,,,
,,,,,,,,,,,,,,,,,,,,,,,,,
,,,,,,,,,,,,,,,,,,,,,,,,,
,,,,,,,,,,,,,,,,,,,,,,,,,
,,,,,,,,,,,,,,,,,,,,,,,,,
,,,,,,,,,,,,,,,,,,,,,,,,,
,,,,,,,,,,,,,,,,,,,,,,,,,
,,,,,,,,,,,,,,,,,,,,,,,,,
,,,,,,,,,,,,,,,,,,,,,,,,,
,,,,,,,,,,,,,,,,,,,,,,,,,
,,,,,,,,,,,,,,,,,,,,,,,,,
,,,,,,,,,,,,,,,,,,,,,,,,,
,,,,,,,,,,,,,,,,,,,,,,,,,
,,,,,,,,,,,,,,,,,,,,,,,,,
,,,,,,,,,,,,,,,,,,,,,,,,,
,,,,,,,,,,,,,,,,,,,,,,,,,
,,,,,,,,,,,,,,,,,,,,,,,,,
,,,,,,,,,,,,,,,,,,,,,,,,,
,,,,,,,,,,,,,,,,,,,,,,,,,
,,,,,,,,,,,,,,,,,,,,,,,,,
,,,,,,,,,,,,,,,,,,,,,,,,,
,,,,,,,,,,,,,,,,,,,,,,,,,
,,,,,,,,,,,,,,,,,,,,,,,,,
,,,,,,,,,,,,,,,,,,,,,,,,,
,,,,,,,,,,,,,,,,,,,,,,,,,
,,,,,,,,,,,,,,,,,,,,,,,,,
,,,,,,,,,,,,,,,,,,,,,,,,,
,,,,,,,,,,,,,,,,,,,,,,,,,
,,,,,,,,,,,,,,,,,,,,,,,,,
,,,,,,,,,,,,,,,,,,,,,,,,,
,,,,,,,,,,,,,,,,,,,,,,,,,
,,,,,,,,,,,,,,,,,,,,,,,,,
,,,,,,,,,,,,,,,,,,,,,,,,,
,,,,,,,,,,,,,,,,,,,,,,,,,
,,,,,,,,,,,,,,,,,,,,,,,,,
,,,,,,,,,,,,,,,,,,,,,,,,,
,,,,,,,,,,,,,,,,,,,,,,,,,
,,,,,,,,,,,,,,,,,,,,,,,,,
,,,,,,,,,,,,,,,,,,,,,,,,,
,,,,,,,,,,,,,,,,,,,,,,,,,
,,,,,,,,,,,,,,,,,,,,,,,,,
,,,,,,,,,,,,,,,,,,,,,,,,,
,,,,,,,,,,,,,,,,,,,,,,,,,
,,,,,,,,,,,,,,,,,,,,,,,,,
,,,,,,,,,,,,,,,,,,,,,,,,,
,,,,,,,,,,,,,,,,,,,,,,,,,
,,,,,,,,,,,,,,,,,,,,,,,,,
,,,,,,,,,,,,,,,,,,,,,,,,,
,,,,,,,,,,,,,,,,,,,,,,,,,
,,,,,,,,,,,,,,,,,,,,,,,,,
,,,,,,,,,,,,,,,,,,,,,,,,,
,,,,,,,,,,,,,,,,,,,,,,,,,
,,,,,,,,,,,,,,,,,,,,,,,,,
,,,,,,,,,,,,,,,,,,,,,,,,,
,,,,,,,,,,,,,,,,,,,,,,,,,
,,,,,,,,,,,,,,,,,,,,,,,,,
,,,,,,,,,,,,,,,,,,,,,,,,,
,,,,,,,,,,,,,,,,,,,,,,,,,
,,,,,,,,,,,,,,,,,,,,,,,,,
,,,,,,,,,,,,,,,,,,,,,,,,,
,,,,,,,,,,,,,,,,,,,,,,,,,
,,,,,,,,,,,,,,,,,,,,,,,,,
,,,,,,,,,,,,,,,,,,,,,,,,,
,,,,,,,,,,,,,,,,,,,,,,,,,
,,,,,,,,,,,,,,,,,,,,,,,,,
,,,,,,,,,,,,,,,,,,,,,,,,,
,,,,,,,,,,,,,,,,,,,,,,,,,
,,,,,,,,,,,,,,,,,,,,,,,,,
,,,,,,,,,,,,,,,,,,,,,,,,,
,,,,,,,,,,,,,,,,,,,,,,,,,
,,,,,,,,,,,,,,,,,,,,,,,,,
,,,,,,,,,,,,,,,,,,,,,,,,,
,,,,,,,,,,,,,,,,,,,,,,,,,
,,,,,,,,,,,,,,,,,,,,,,,,,
,,,,,,,,,,,,,,,,,,,,,,,,,
,,,,,,,,,,,,,,,,,,,,,,,,,
,,,,,,,,,,,,,,,,,,,,,,,,,
,,,,,,,,,,,,,,,,,,,,,,,,,
,,,,,,,,,,,,,,,,,,,,,,,,,
,,,,,,,,,,,,,,,,,,,,,,,,,
,,,,,,,,,,,,,,,,,,,,,,,,,
,,,,,,,,,,,,,,,,,,,,,,,,,
,,,,,,,,,,,,,,,,,,,,,,,,,
,,,,,,,,,,,,,,,,,,,,,,,,,
,,,,,,,,,,,,,,,,,,,,,,,,,
,,,,,,,,,,,,,,,,,,,,,,,,,
,,,,,,,,,,,,,,,,,,,,,,,,,
,,,,,,,,,,,,,,,,,,,,,,,,,
,,,,,,,,,,,,,,,,,,,,,,,,,
,,,,,,,,,,,,,,,,,,,,,,,,,
,,,,,,,,,,,,,,,,,,,,,,,,,
,,,,,,,,,,,,,,,,,,,,,,,,,
,,,,,,,,,,,,,,,,,,,,,,,,,
,,,,,,,,,,,,,,,,,,,,,,,,,
,,,,,,,,,,,,,,,,,,,,,,,,,
,,,,,,,,,,,,,,,,,,,,,,,,,
,,,,,,,,,,,,,,,,,,,,,,,,,
,,,,,,,,,,,,,,,,,,,,,,,,,
,,,,,,,,,,,,,,,,,,,,,,,,,
,,,,,,,,,,,,,,,,,,,,,,,,,
,,,,,,,,,,,,,,,,,,,,,,,,,
,,,,,,,,,,,,,,,,,,,,,,,,,
,,,,,,,,,,,,,,,,,,,,,,,,,
,,,,,,,,,,,,,,,,,,,,,,,,,
,,,,,,,,,,,,,,,,,,,,,,,,,
,,,,,,,,,,,,,,,,,,,,,,,,,
,,,,,,,,,,,,,,,,,,,,,,,,,
,,,,,,,,,,,,,,,,,,,,,,,,,
,,,,,,,,,,,,,,,,,,,,,,,,,
,,,,,,,,,,,,,,,,,,,,,,,,,
,,,,,,,,,,,,,,,,,,,,,,,,,
,,,,,,,,,,,,,,,,,,,,,,,,,
,,,,,,,,,,,,,,,,,,,,,,,,,
,,,,,,,,,,,,,,,,,,,,,,,,,
,,,,,,,,,,,,,,,,,,,,,,,,,
,,,,,,,,,,,,,,,,,,,,,,,,,
,,,,,,,,,,,,,,,,,,,,,,,,,
,,,,,,,,,,,,,,,,,,,,,,,,,
,,,,,,,,,,,,,,,,,,,,,,,,,
,,,,,,,,,,,,,,,,,,,,,,,,,
,,,,,,,,,,,,,,,,,,,,,,,,,
,,,,,,,,,,,,,,,,,,,,,,,,,
,,,,,,,,,,,,,,,,,,,,,,,,,
,,,,,,,,,,,,,,,,,,,,,,,,,
,,,,,,,,,,,,,,,,,,,,,,,,,
,,,,,,,,,,,,,,,,,,,,,,,,,
,,,,,,,,,,,,,,,,,,,,,,,,,
,,,,,,,,,,,,,,,,,,,,,,,,,
,,,,,,,,,,,,,,,,,,,,,,,,,
,,,,,,,,,,,,,,,,,,,,,,,,,
,,,,,,,,,,,,,,,,,,,,,,,,,
,,,,,,,,,,,,,,,,,,,,,,,,,
,,,,,,,,,,,,,,,,,,,,,,,,,
,,,,,,,,,,,,,,,,,,,,,,,,,
,,,,,,,,,,,,,,,,,,,,,,,,,
,,,,,,,,,,,,,,,,,,,,,,,,,
,,,,,,,,,,,,,,,,,,,,,,,,,
,,,,,,,,,,,,,,,,,,,,,,,,,
,,,,,,,,,,,,,,,,,,,,,,,,,
,,,,,,,,,,,,,,,,,,,,,,,,,
,,,,,,,,,,,,,,,,,,,,,,,,,
,,,,,,,,,,,,,,,,,,,,,,,,,
,,,,,,,,,,,,,,,,,,,,,,,,,
,,,,,,,,,,,,,,,,,,,,,,,,,
,,,,,,,,,,,,,,,,,,,,,,,,,
,,,,,,,,,,,,,,,,,,,,,,,,,
,,,,,,,,,,,,,,,,,,,,,,,,,
,,,,,,,,,,,,,,,,,,,,,,,,,
,,,,,,,,,,,,,,,,,,,,,,,,,
,,,,,,,,,,,,,,,,,,,,,,,,,
,,,,,,,,,,,,,,,,,,,,,,,,,
,,,,,,,,,,,,,,,,,,,,,,,,,
,,,,,,,,,,,,,,,,,,,,,,,,,
,,,,,,,,,,,,,,,,,,,,,,,,,
,,,,,,,,,,,,,,,,,,,,,,,,,
,,,,,,,,,,,,,,,,,,,,,,,,,
,,,,,,,,,,,,,,,,,,,,,,,,,
,,,,,,,,,,,,,,,,,,,,,,,,,
,,,,,,,,,,,,,,,,,,,,,,,,,
,,,,,,,,,,,,,,,,,,,,,,,,,
,,,,,,,,,,,,,,,,,,,,,,,,,
,,,,,,,,,,,,,,,,,,,,,,,,,
,,,,,,,,,,,,,,,,,,,,,,,,,
,,,,,,,,,,,,,,,,,,,,,,,,,
,,,,,,,,,,,,,,,,,,,,,,,,,
,,,,,,,,,,,,,,,,,,,,,,,,,
,,,,,,,,,,,,,,,,,,,,,,,,,
,,,,,,,,,,,,,,,,,,,,,,,,,
,,,,,,,,,,,,,,,,,,,,,,,,,
,,,,,,,,,,,,,,,,,,,,,,,,,
,,,,,,,,,,,,,,,,,,,,,,,,,
,,,,,,,,,,,,,,,,,,,,,,,,,
,,,,,,,,,,,,,,,,,,,,,,,,,
,,,,,,,,,,,,,,,,,,,,,,,,,
,,,,,,,,,,,,,,,,,,,,,,,,,
,,,,,,,,,,,,,,,,,,,,,,,,,
,,,,,,,,,,,,,,,,,,,,,,,,,
,,,,,,,,,,,,,,,,,,,,,,,,,
,,,,,,,,,,,,,,,,,,,,,,,,,
,,,,,,,,,,,,,,,,,,,,,,,,,
,,,,,,,,,,,,,,,,,,,,,,,,,
,,,,,,,,,,,,,,,,,,,,,,,,,
,,,,,,,,,,,,,,,,,,,,,,,,,
,,,,,,,,,,,,,,,,,,,,,,,,,
,,,,,,,,,,,,,,,,,,,,,,,,,
,,,,,,,,,,,,,,,,,,,,,,,,,
,,,,,,,,,,,,,,,,,,,,,,,,,
,,,,,,,,,,,,,,,,,,,,,,,,,
,,,,,,,,,,,,,,,,,,,,,,,,,
,,,,,,,,,,,,,,,,,,,,,,,,,
,,,,,,,,,,,,,,,,,,,,,,,,,
,,,,,,,,,,,,,,,,,,,,,,,,,
,,,,,,,,,,,,,,,,,,,,,,,,,
,,,,,,,,,,,,,,,,,,,,,,,,,
,,,,,,,,,,,,,,,,,,,,,,,,,
,,,,,,,,,,,,,,,,,,,,,,,,,
,,,,,,,,,,,,,,,,,,,,,,,,,
,,,,,,,,,,,,,,,,,,,,,,,,,
,,,,,,,,,,,,,,,,,,,,,,,,,
,,,,,,,,,,,,,,,,,,,,,,,,,
,,,,,,,,,,,,,,,,,,,,,,,,,
,,,,,,,,,,,,,,,,,,,,,,,,,
,,,,,,,,,,,,,,,,,,,,,,,,,
,,,,,,,,,,,,,,,,,,,,,,,,,
,,,,,,,,,,,,,,,,,,,,,,,,,
,,,,,,,,,,,,,,,,,,,,,,,,,
,,,,,,,,,,,,,,,,,,,,,,,,,
,,,,,,,,,,,,,,,,,,,,,,,,,
,,,,,,,,,,,,,,,,,,,,,,,,,
,,,,,,,,,,,,,,,,,,,,,,,,,
,,,,,,,,,,,,,,,,,,,,,,,,,
,,,,,,,,,,,,,,,,,,,,,,,,,
,,,,,,,,,,,,,,,,,,,,,,,,,
,,,,,,,,,,,,,,,,,,,,,,,,,
,,,,,,,,,,,,,,,,,,,,,,,,,
,,,,,,,,,,,,,,,,,,,,,,,,,
,,,,,,,,,,,,,,,,,,,,,,,,,
,,,,,,,,,,,,,,,,,,,,,,,,,
,,,,,,,,,,,,,,,,,,,,,,,,,
,,,,,,,,,,,,,,,,,,,,,,,,,
,,,,,,,,,,,,,,,,,,,,,,,,,
,,,,,,,,,,,,,,,,,,,,,,,,,
,,,,,,,,,,,,,,,,,,,,,,,,,
,,,,,,,,,,,,,,,,,,,,,,,,,
,,,,,,,,,,,,,,,,,,,,,,,,,
,,,,,,,,,,,,,,,,,,,,,,,,,
,,,,,,,,,,,,,,,,,,,,,,,,,
,,,,,,,,,,,,,,,,,,,,,,,,,
,,,,,,,,,,,,,,,,,,,,,,,,,
,,,,,,,,,,,,,,,,,,,,,,,,,
,,,,,,,,,,,,,,,,,,,,,,,,,
,,,,,,,,,,,,,,,,,,,,,,,,,
,,,,,,,,,,,,,,,,,,,,,,,,,
,,,,,,,,,,,,,,,,,,,,,,,,,
